Date,Price,Open,High,Low,Vol.,Change %
10/28/2015,2084.50,"2,062.00","2,085.25","2,055.50",1.89M,1.16%
10/29/2015,2083.00,"2,081.00","2,086.50","2,073.25",1.41M,-0.07%
10/30/2015,2073.75,"2,084.75","2,094.75","2,069.75",1.75M,-0.44%
11/2/2015,2095.50,"2,073.00","2,100.00","2,064.25",1.28M,1.05%
11/3/2015,2103.00,"2,093.25","2,110.25","2,089.00",1.35M,0.36%
11/4/2015,2094.75,"2,102.50","2,109.75","2,090.50",1.55M,-0.39%
11/5/2015,2094.00,"2,095.50","2,104.75","2,084.00",1.54M,-0.04%
11/6/2015,2093.75,"2,094.75","2,099.00","2,077.50",1.85M,-0.01%
11/9/2015,2073.00,"2,092.00","2,097.75","2,062.00",1.86M,-0.99%
11/10/2015,2078.00,"2,072.25","2,079.00","2,064.50",1.29M,0.24%
11/11/2015,2069.00,"2,076.50","2,087.25","2,067.75",1.17M,-0.43%
11/12/2015,2040.50,"2,068.50","2,077.50","2,039.50",1.81M,-1.38%
11/13/2015,2018.50,"2,040.50","2,046.00","2,011.50",2.13M,-1.08%
11/16/2015,2048.00,"2,006.50","2,051.00","1,998.50",1.71M,1.46%
11/17/2015,2049.00,"2,047.75","2,063.50","2,041.50",1.62M,0.05%
11/18/2015,2079.75,"2,049.75","2,082.50","2,043.00",1.54M,1.50%
11/19/2015,2079.25,"2,078.25","2,089.25","2,075.25",1.28M,-0.02%
11/20/2015,2088.75,"2,078.25","2,094.50","2,076.00",1.27M,0.46%
11/23/2015,2084.25,"2,089.75","2,093.00","2,078.25",976.10K,-0.22%
11/24/2015,2084.75,"2,083.00","2,091.50","2,065.50",1.52M,0.02%
11/25/2015,2088.00,"2,084.00","2,092.50","2,082.25",746.32K,0.16%
11/26/2015,2095.75,"2,089.50","2,098.25","2,088.50",-,0.37%
11/27/2015,2090.00,"2,089.50","2,098.25","2,081.50",653.39K,-0.27%
11/30/2015,2079.75,"2,089.50","2,095.00","2,078.50",1.39M,-0.49%
12/1/2015,2100.00,"2,085.50","2,101.50","2,083.50",1.48M,0.97%
12/2/2015,2081.50,"2,099.50","2,105.00","2,075.00",1.73M,-0.88%
12/3/2015,2051.25,"2,083.25","2,095.25","2,040.00",2.66M,-1.45%
12/4/2015,2088.50,"2,053.25","2,093.00","2,046.75",2.27M,1.82%
12/7/2015,2081.00,"2,092.25","2,095.50","2,064.50",1.70M,-0.36%
12/8/2015,2058.75,"2,080.00","2,081.50","2,050.25",2.01M,-1.07%
12/9/2015,2042.00,"2,059.50","2,079.75","2,034.25",2.69M,-0.81%
12/10/2015,2049.25,"2,045.75","2,067.00","2,043.75",1.81M,0.36%
12/11/2015,2009.75,"2,050.75","2,056.25","2,005.00",1.58M,-1.93%
12/14/2015,2018.50,"2,008.00","2,028.25","1,992.25",1.27M,0.44%
12/15/2015,2045.50,"2,021.75","2,054.00","2,019.00",1.04M,1.34%
12/16/2015,2072.00,"2,046.00","2,077.00","2,040.00",575.72K,1.30%
12/17/2015,2034.25,"2,069.75","2,082.25","2,032.50",408.50K,-1.82%
12/18/2015,2029.72,"2,033.25","2,040.25","2,022.00",63.21K,-0.22%
12/21/2015,2015.00,"1,997.25","2,019.50","1,995.25",1.28M,-0.73%
12/22/2015,2036.00,"2,017.00","2,036.50","2,007.25",1.14M,1.04%
12/23/2015,2053.00,"2,034.00","2,057.75","2,030.75",1.00M,0.83%
12/24/2015,2051.25,"2,052.75","2,059.75","2,049.00",325.21K,-0.09%
12/28/2015,2048.75,"2,051.25","2,054.50","2,035.25",696.45K,-0.12%
12/29/2015,2072.75,"2,049.75","2,074.50","2,047.50",832.69K,1.17%
12/30/2015,2054.50,"2,072.00","2,075.00","2,053.50",720.60K,-0.88%
12/31/2015,2035.50,"2,055.25","2,057.75","2,030.25",1.03M,-0.92%
1/4/2016,2009.00,"2,037.75","2,043.50","1,980.25",2.22M,-1.30%
1/5/2016,2011.75,"2,009.00","2,017.00","1,992.25",1.69M,0.14%
1/6/2016,1986.00,"2,010.75","2,013.25","1,970.50",2.24M,-1.28%
1/7/2016,1933.00,"1,987.75","1,991.00","1,928.50",2.97M,-2.67%
1/8/2016,1911.50,"1,936.50","1,964.75","1,910.00",2.69M,-1.11%
1/11/2016,1914.25,"1,909.25","1,929.00","1,892.50",2.49M,0.14%
1/12/2016,1925.00,"1,913.50","1,940.25","1,899.00",2.43M,0.56%
1/13/2016,1881.50,"1,922.50","1,946.50","1,878.00",2.90M,-2.26%
1/14/2016,1914.50,"1,883.75","1,927.50","1,871.00",3.05M,1.75%
1/15/2016,1875.00,"1,913.50","1,921.00","1,849.25",3.44M,-2.06%
1/17/2016,1868.88,"1,869.75","1,873.00","1,860.00",-,-0.33%
1/18/2016,1874.25,"1,869.00","1,890.00","1,865.75",-,0.29%
1/19/2016,1873.00,"1,869.75","1,907.50","1,856.25",2.80M,-0.07%
1/20/2016,1855.00,"1,871.75","1,878.50","1,804.25",3.93M,-0.96%
1/21/2016,1861.00,"1,854.75","1,883.25","1,836.25",2.73M,0.32%
1/22/2016,1899.25,"1,858.50","1,902.25","1,855.75",2.11M,2.06%
1/25/2016,1870.25,"1,899.50","1,904.25","1,855.75",1.64M,-1.53%
1/26/2016,1896.00,"1,871.75","1,899.75","1,851.25",1.78M,1.38%
1/27/2016,1875.00,"1,885.25","1,910.00","1,864.50",2.11M,-1.11%
1/28/2016,1880.75,"1,880.00","1,902.50","1,865.75",2.25M,0.31%
1/29/2016,1930.00,"1,878.75","1,933.00","1,876.50",2.41M,2.62%
2/1/2016,1931.25,"1,929.75","1,940.00","1,912.50",1.75M,0.06%
2/2/2016,1897.50,"1,928.50","1,929.25","1,889.00",2.10M,-1.75%
2/3/2016,1908.50,"1,895.00","1,912.25","1,865.00",2.85M,0.58%
2/4/2016,1907.75,"1,907.75","1,922.25","1,890.25",2.26M,-0.04%
2/5/2016,1875.25,"1,905.25","1,914.50","1,865.75",2.32M,-1.70%
2/8/2016,1852.00,"1,876.25","1,884.50","1,821.75",2.67M,-1.24%
2/9/2016,1848.25,"1,849.75","1,863.75","1,825.75",2.79M,-0.20%
2/10/2016,1846.75,"1,850.00","1,877.75","1,838.50",2.36M,-0.08%
2/11/2016,1824.50,"1,842.25","1,847.25","1,802.50",3.20M,-1.20%
2/12/2016,1858.25,"1,827.25","1,860.75","1,822.50",2.02M,1.85%
2/14/2016,1869.50,"1,865.75","1,871.00","1,865.25",-,0.61%
2/15/2016,1883.25,"1,869.38","1,890.00","1,868.00",-,0.74%
2/16/2016,1888.75,"1,865.25","1,892.75","1,865.00",2.03M,0.29%
2/17/2016,1922.75,"1,888.25","1,928.00","1,881.50",1.85M,1.80%
2/18/2016,1916.50,"1,926.75","1,933.50","1,911.25",1.62M,-0.33%
2/19/2016,1914.50,"1,917.50","1,922.75","1,898.50",1.62M,-0.10%
2/22/2016,1936.25,"1,911.00","1,943.75","1,908.25",1.43M,1.14%
2/23/2016,1916.00,"1,934.00","1,938.00","1,913.75",1.60M,-1.05%
2/24/2016,1930.25,"1,914.00","1,933.75","1,886.75",2.32M,0.74%
2/25/2016,1950.50,"1,933.00","1,951.50","1,920.25",1.84M,1.05%
2/26/2016,1942.75,"1,949.00","1,968.75","1,941.25",1.88M,-0.40%
2/29/2016,1929.50,"1,943.00","1,956.25","1,926.50",1.83M,-0.68%
3/1/2016,1978.00,"1,928.00","1,978.50","1,920.75",2.04M,2.51%
3/2/2016,1983.50,"1,976.25","1,984.75","1,966.25",1.82M,0.28%
3/3/2016,1990.50,"1,981.75","1,992.50","1,974.75",1.56M,0.35%
3/4/2016,1995.00,"1,991.00","2,007.50","1,984.00",2.25M,0.23%
3/7/2016,1999.00,"1,994.50","2,004.50","1,984.50",1.63M,0.20%
3/8/2016,1981.00,"1,999.00","2,000.25","1,976.00",1.93M,-0.90%
3/9/2016,1989.00,"1,981.75","1,994.00","1,978.00",1.74M,0.40%
3/10/2016,1988.75,"1,990.00","2,010.25","1,967.25",2.74M,-0.01%
3/11/2016,2020.00,"1,988.50","2,022.25","1,987.50",1.22M,1.57%
3/14/2016,2018.75,"2,019.25","2,024.50","2,012.00",880.36K,-0.06%
3/15/2016,2015.75,"2,019.00","2,019.50","2,004.50",923.45K,-0.15%
3/16/2016,2027.00,"2,016.25","2,032.25","2,006.50",580.25K,0.56%
3/17/2016,2039.75,"2,026.75","2,046.75","2,015.75",479.14K,0.63%
3/18/2016,2050.07,"2,041.50","2,048.75","2,037.00",52.56K,0.51%
3/21/2016,2042.75,"2,036.50","2,044.50","2,031.00",1.28M,-0.36%
3/22/2016,2042.50,"2,043.25","2,047.50","2,028.75",1.50M,-0.01%
3/23/2016,2028.75,"2,043.00","2,045.25","2,025.25",1.56M,-0.67%
3/24/2016,2028.50,"2,028.00","2,030.25","2,012.25",1.52M,-0.01%
3/28/2016,2028.00,"2,030.25","2,039.75","2,022.00",907.83K,-0.02%
3/29/2016,2047.50,"2,027.75","2,049.25","2,019.25",1.55M,0.96%
3/30/2016,2055.25,"2,048.50","2,064.50","2,046.75",1.63M,0.38%
3/31/2016,2051.50,"2,055.50","2,059.75","2,047.25",1.74M,-0.18%
4/1/2016,2065.00,"2,052.75","2,067.00","2,035.25",2.05M,0.66%
4/4/2016,2057.50,"2,064.00","2,071.50","2,054.25",1.38M,-0.36%
4/5/2016,2038.75,"2,055.50","2,055.50","2,034.25",1.83M,-0.91%
4/6/2016,2060.25,"2,042.00","2,060.50","2,035.00",1.89M,1.05%
4/7/2016,2035.00,"2,059.75","2,062.00","2,026.00",2.05M,-1.23%
4/8/2016,2040.75,"2,034.50","2,054.25","2,030.25",1.77M,0.28%
4/11/2016,2034.50,"2,041.00","2,056.50","2,032.50",1.68M,-0.31%
4/12/2016,2055.75,"2,032.50","2,058.50","2,029.25",1.83M,1.04%
4/13/2016,2076.00,"2,055.25","2,077.00","2,054.00",1.64M,0.99%
4/14/2016,2076.50,"2,076.25","2,081.75","2,068.50",1.36M,0.02%
4/15/2016,2075.00,"2,077.75","2,080.00","2,069.50",1.23M,-0.07%
4/18/2016,2086.75,"2,064.25","2,088.75","2,058.50",1.40M,0.57%
4/19/2016,2093.75,"2,085.25","2,098.50","2,084.75",1.57M,0.34%
4/20/2016,2098.00,"2,094.25","2,105.25","2,085.75",1.46M,0.20%
4/21/2016,2082.75,"2,097.75","2,104.00","2,078.75",1.64M,-0.73%
4/22/2016,2086.00,"2,079.75","2,089.00","2,075.00",1.50M,0.16%
4/25/2016,2083.25,"2,091.50","2,091.50","2,071.00",1.28M,-0.13%
4/26/2016,2088.50,"2,084.25","2,091.25","2,079.50",1.23M,0.25%
4/27/2016,2090.75,"2,082.25","2,094.00","2,076.25",1.42M,0.11%
4/28/2016,2072.50,"2,092.50","2,094.25","2,065.25",1.94M,-0.87%
4/29/2016,2059.00,"2,073.75","2,076.00","2,045.75",2.42M,-0.65%
5/2/2016,2074.25,"2,060.75","2,077.50","2,055.50",1.31M,0.74%
5/3/2016,2057.00,"2,075.50","2,076.25","2,048.00",1.83M,-0.83%
5/4/2016,2047.00,"2,057.50","2,060.25","2,039.00",1.56M,-0.49%
5/5/2016,2044.00,"2,046.50","2,060.00","2,039.50",1.43M,-0.15%
5/6/2016,2052.75,"2,043.50","2,054.50","2,030.50",1.81M,0.43%
5/9/2016,2054.25,"2,053.00","2,059.75","2,048.25",1.37M,0.07%
5/10/2016,2077.50,"2,054.00","2,079.75","2,048.00",1.42M,1.13%
5/11/2016,2058.00,"2,077.25","2,078.75","2,057.50",1.47M,-0.94%
5/12/2016,2058.75,"2,059.00","2,072.75","2,048.50",1.80M,0.04%
5/13/2016,2043.50,"2,059.25","2,063.50","2,038.50",1.88M,-0.74%
5/16/2016,2062.75,"2,041.25","2,068.50","2,035.00",1.42M,0.94%
5/17/2016,2043.50,"2,062.00","2,069.50","2,036.75",1.99M,-0.93%
5/18/2016,2041.50,"2,043.75","2,057.75","2,030.75",2.09M,-0.10%
5/19/2016,2038.75,"2,043.50","2,044.75","2,022.00",2.06M,-0.13%
5/20/2016,2050.00,"2,038.75","2,055.50","2,037.25",1.58M,0.55%
5/23/2016,2045.25,"2,053.25","2,056.00","2,043.50",1.18M,-0.23%
5/24/2016,2075.00,"2,045.00","2,077.25","2,041.25",1.60M,1.45%
5/25/2016,2087.25,"2,075.00","2,092.50","2,073.50",1.44M,0.59%
5/26/2016,2089.75,"2,088.75","2,091.75","2,082.50",968.44K,0.12%
5/27/2016,2097.25,"2,090.50","2,098.75","2,088.00",1.04M,0.36%
5/29/2016,2101.50,"2,099.62","2,103.25","2,099.50",-,0.20%
5/30/2016,2101.25,"2,101.25","2,103.75","2,099.75",-,-0.01%
5/31/2016,2095.00,"2,100.00","2,103.75","2,086.00",1.63M,-0.30%
6/1/2016,2098.00,"2,094.00","2,099.25","2,083.25",1.32M,0.14%
6/2/2016,2103.75,"2,096.75","2,104.75","2,086.75",1.30M,0.27%
6/3/2016,2097.75,"2,103.50","2,106.00","2,082.75",1.75M,-0.29%
6/6/2016,2108.25,"2,097.50","2,112.25","2,094.00",1.27M,0.50%
6/7/2016,2110.25,"2,108.25","2,118.00","2,106.50",1.13M,0.09%
6/8/2016,2118.00,"2,110.25","2,119.75","2,106.50",1.31M,0.37%
6/9/2016,2114.25,"2,117.75","2,118.50","2,106.25",1.64M,-0.18%
6/10/2016,2096.25,"2,113.75","2,114.00","2,088.50",1.24M,-0.85%
6/13/2016,2078.75,"2,089.25","2,098.25","2,075.75",1.22M,-0.83%
6/14/2016,2074.50,"2,077.00","2,081.75","2,063.25",1.16M,-0.20%
6/15/2016,2071.75,"2,072.75","2,086.25","2,068.75",609.85K,-0.13%
6/16/2016,2079.25,"2,070.50","2,080.00","2,050.00",426.22K,0.36%
6/17/2016,2079.12,"2,077.75","2,083.00","2,073.75",52.55K,-0.01%
6/20/2016,2074.25,"2,071.00","2,092.50","2,070.25",1.59M,-0.23%
6/21/2016,2080.50,"2,079.00","2,086.00","2,074.00",1.39M,0.30%
6/22/2016,2076.75,"2,079.25","2,091.25","2,075.25",1.40M,-0.18%
6/23/2016,2105.75,"2,083.00","2,113.25","2,083.00",1.31M,1.40%
6/24/2016,2018.50,"2,115.75","2,119.50","1,999.00",4.14M,-4.14%
6/27/2016,1985.00,"2,013.75","2,022.50","1,981.50",2.97M,-1.66%
6/28/2016,2028.50,"1,982.50","2,029.75","1,982.25",2.27M,2.19%
6/29/2016,2066.75,"2,028.25","2,074.75","2,022.75",2.05M,1.89%
6/30/2016,2090.25,"2,072.25","2,091.25","2,056.50",2.30M,1.14%
7/1/2016,2096.25,"2,086.50","2,100.75","2,081.50",1.65M,0.29%
7/3/2016,2094.25,"2,099.25","2,099.75","2,094.25",-,-0.10%
7/4/2016,2096.88,"2,094.50","2,104.75","2,094.25",-,0.13%
7/5/2016,2082.75,"2,099.75","2,104.75","2,072.50",1.86M,-0.67%
7/6/2016,2094.00,"2,084.00","2,094.50","2,065.75",2.05M,0.54%
7/7/2016,2092.00,"2,092.00","2,102.00","2,081.75",1.67M,-0.10%
7/8/2016,2120.50,"2,092.00","2,125.50","2,087.50",1.94M,1.36%
7/11/2016,2130.25,"2,120.25","2,136.75","2,120.00",1.46M,0.46%
7/12/2016,2145.75,"2,130.75","2,149.25","2,128.50",1.69M,0.73%
7/13/2016,2146.00,"2,145.75","2,152.25","2,139.50",1.61M,0.01%
7/14/2016,2157.25,"2,145.25","2,168.00","2,142.75",1.78M,0.52%
7/15/2016,2152.75,"2,156.50","2,164.75","2,143.25",1.49M,-0.21%
7/18/2016,2160.00,"2,154.50","2,163.25","2,152.75",1.19M,0.34%
7/19/2016,2158.75,"2,160.00","2,160.75","2,151.25",1.15M,-0.06%
7/20/2016,2167.50,"2,159.00","2,169.75","2,155.25",1.13M,0.41%
7/21/2016,2158.00,"2,168.25","2,170.25","2,153.50",1.30M,-0.44%
7/22/2016,2167.50,"2,159.00","2,169.25","2,156.00",1.12M,0.44%
7/25/2016,2162.25,"2,167.75","2,172.50","2,155.75",1.26M,-0.24%
7/26/2016,2163.25,"2,162.75","2,168.00","2,153.75",1.60M,0.05%
7/27/2016,2160.50,"2,166.00","2,169.25","2,152.00",1.63M,-0.13%
7/28/2016,2164.75,"2,162.75","2,168.50","2,153.50",1.62M,0.20%
7/29/2016,2168.25,"2,165.50","2,171.75","2,157.50",1.69M,0.16%
8/1/2016,2164.50,"2,174.00","2,177.75","2,159.75",1.65M,-0.17%
8/2/2016,2152.75,"2,166.00","2,171.00","2,141.50",1.96M,-0.54%
8/3/2016,2157.00,"2,152.25","2,158.25","2,145.25",1.36M,0.20%
8/4/2016,2159.25,"2,156.75","2,164.25","2,154.00",1.24M,0.10%
8/5/2016,2176.75,"2,159.50","2,178.50","2,159.25",1.36M,0.81%
8/8/2016,2175.50,"2,176.00","2,183.00","2,173.25",938.62K,-0.06%
8/9/2016,2177.50,"2,176.00","2,183.50","2,173.75",1.19M,0.09%
8/10/2016,2172.75,"2,178.00","2,181.50","2,167.75",1.37M,-0.22%
8/11/2016,2181.75,"2,172.50","2,185.25","2,170.00",1.33M,0.41%
8/12/2016,2180.25,"2,181.75","2,184.00","2,175.50",1.27M,-0.07%
8/15/2016,2186.00,"2,180.75","2,190.75","2,180.50",1.09M,0.26%
8/16/2016,2176.75,"2,186.00","2,186.25","2,175.25",1.39M,-0.42%
8/17/2016,2179.75,"2,177.50","2,182.00","2,165.50",1.70M,0.14%
8/18/2016,2183.50,"2,180.75","2,184.50","2,176.25",1.20M,0.17%
8/19/2016,2181.75,"2,183.50","2,184.25","2,172.50",1.43M,-0.08%
8/22/2016,2181.50,"2,181.75","2,184.50","2,173.50",1.54M,-0.01%
8/23/2016,2185.25,"2,180.75","2,191.50","2,179.25",1.13M,0.17%
8/24/2016,2175.00,"2,185.75","2,187.75","2,168.75",1.51M,-0.47%
8/25/2016,2173.50,"2,175.00","2,177.25","2,167.50",1.50M,-0.07%
8/26/2016,2168.50,"2,174.00","2,186.75","2,157.50",2.54M,-0.23%
8/29/2016,2179.25,"2,167.75","2,182.25","2,164.50",1.25M,0.50%
8/30/2016,2175.25,"2,180.00","2,181.50","2,168.50",1.37M,-0.18%
8/31/2016,2169.50,"2,175.75","2,176.25","2,159.50",1.86M,-0.26%
9/1/2016,2167.25,"2,169.00","2,177.25","2,154.75",1.94M,-0.10%
9/2/2016,2178.00,"2,166.25","2,183.75","2,164.25",1.70M,0.50%
9/4/2016,2180.75,"2,178.75","2,181.75","2,178.25",-,0.13%
9/5/2016,2178.00,"2,180.75","2,182.25","2,175.00",-,-0.13%
9/6/2016,2184.50,"2,179.25","2,186.25","2,173.00",1.63M,0.30%
9/7/2016,2184.50,"2,185.25","2,186.75","2,177.50",1.46M,0.00%
9/8/2016,2177.50,"2,184.50","2,189.25","2,175.75",2.11M,-0.32%
9/9/2016,2122.75,"2,177.25","2,178.25","2,119.75",2.07M,-2.51%
9/12/2016,2158.50,"2,121.75","2,162.75","2,107.00",1.45M,1.68%
9/13/2016,2128.75,"2,156.25","2,157.50","2,119.00",1.20M,-1.38%
9/14/2016,2120.25,"2,131.75","2,141.25","2,118.75",661.16K,-0.40%
9/15/2016,2145.00,"2,121.75","2,151.50","2,114.75",398.40K,1.17%
9/16/2016,2139.96,"2,143.75","2,144.25","2,135.50",57.78K,-0.23%
9/19/2016,2133.00,"2,132.25","2,146.75","2,127.75",1.53M,-0.33%
9/20/2016,2131.00,"2,133.75","2,143.50","2,129.00",1.39M,-0.09%
9/21/2016,2156.25,"2,130.00","2,157.50","2,126.25",1.83M,1.18%
9/22/2016,2168.25,"2,156.25","2,172.75","2,152.75",1.52M,0.56%
9/23/2016,2158.00,"2,168.25","2,169.50","2,156.00",1.45M,-0.47%
9/26/2016,2139.75,"2,156.25","2,159.50","2,136.75",1.60M,-0.85%
9/27/2016,2152.75,"2,139.25","2,154.00","2,132.75",1.66M,0.61%
9/28/2016,2163.25,"2,152.00","2,165.25","2,144.00",1.73M,0.49%
9/29/2016,2148.50,"2,162.25","2,167.00","2,137.25",2.31M,-0.68%
9/30/2016,2160.50,"2,145.75","2,168.25","2,135.75",1.99M,0.56%
10/3/2016,2153.25,"2,158.75","2,164.00","2,146.75",1.41M,-0.34%
10/4/2016,2144.75,"2,153.75","2,159.75","2,136.00",2.14M,-0.39%
10/5/2016,2153.25,"2,144.25","2,158.00","2,141.00",1.37M,0.40%
10/6/2016,2156.50,"2,153.25","2,157.25","2,143.25",1.21M,0.15%
10/7/2016,2146.50,"2,155.25","2,161.50","2,138.00",1.96M,-0.46%
10/10/2016,2159.00,"2,152.00","2,163.50","2,148.50",952.87K,0.58%
10/11/2016,2134.50,"2,159.50","2,160.75","2,121.75",2.24M,-1.13%
10/12/2016,2131.50,"2,133.00","2,140.75","2,126.25",1.48M,-0.14%
10/13/2016,2126.25,"2,127.75","2,132.25","2,107.75",2.20M,-0.25%
10/14/2016,2127.00,"2,126.25","2,143.25","2,122.25",1.84M,0.04%
10/17/2016,2123.00,"2,126.25","2,130.00","2,116.75",1.25M,-0.19%
10/18/2016,2132.00,"2,122.50","2,139.75","2,120.25",1.14M,0.42%
10/19/2016,2138.00,"2,131.50","2,142.50","2,126.50",948.48K,0.28%
10/20/2016,2137.00,"2,137.50","2,144.50","2,126.75",1.61M,-0.05%
10/21/2016,2134.75,"2,136.00","2,138.50","2,123.25",1.41M,-0.11%
10/24/2016,2144.25,"2,137.00","2,149.00","2,134.75",1.01M,0.45%
10/25/2016,2138.00,"2,144.75","2,149.75","2,135.25",1.20M,-0.29%
10/26/2016,2134.00,"2,135.25","2,140.00","2,124.75",1.55M,-0.19%
10/27/2016,2123.50,"2,133.75","2,143.75","2,122.50",1.80M,-0.49%
10/28/2016,2123.75,"2,127.25","2,135.25","2,112.50",2.39M,0.01%
10/31/2016,2120.00,"2,120.00","2,130.50","2,114.75",1.37M,-0.18%
11/1/2016,2103.75,"2,123.50","2,129.50","2,091.00",2.26M,-0.77%
11/2/2016,2092.25,"2,102.25","2,106.50","2,087.25",2.01M,-0.55%
11/3/2016,2083.50,"2,088.25","2,098.75","2,079.75",1.80M,-0.42%
11/4/2016,2080.00,"2,084.00","2,094.25","2,078.75",2.08M,-0.17%
11/7/2016,2129.00,"2,106.00","2,130.75","2,102.75",1.76M,2.36%
11/8/2016,2135.50,"2,129.00","2,143.25","2,119.00",1.75M,0.31%
11/9/2016,2160.25,"2,138.00","2,166.75","2,028.50",5.28M,1.16%
11/10/2016,2167.25,"2,159.50","2,180.50","2,147.75",3.13M,0.32%
11/11/2016,2161.50,"2,165.00","2,170.50","2,148.50",1.88M,-0.27%
11/14/2016,2160.50,"2,164.50","2,174.50","2,152.25",1.82M,-0.05%
11/15/2016,2179.25,"2,161.00","2,179.75","2,158.50",1.44M,0.87%
11/16/2016,2172.75,"2,179.00","2,185.00","2,168.75",1.33M,-0.30%
11/17/2016,2184.25,"2,172.50","2,185.50","2,171.75",1.35M,0.53%
11/18/2016,2180.75,"2,184.00","2,187.50","2,176.50",1.28M,-0.16%
11/21/2016,2193.00,"2,179.50","2,196.50","2,178.50",1.23M,0.56%
11/22/2016,2200.25,"2,193.25","2,203.00","2,191.75",1.26M,0.33%
11/23/2016,2200.75,"2,201.25","2,203.50","2,192.00",1.10M,0.02%
11/24/2016,2205.50,"2,199.25","2,207.00","2,197.75",-,0.22%
11/25/2016,2211.25,"2,201.00","2,211.75","2,197.50",561.56K,0.26%
11/28/2016,2200.75,"2,208.00","2,209.50","2,198.25",1.37M,-0.47%
11/29/2016,2203.75,"2,200.25","2,209.50","2,196.25",1.41M,0.14%
11/30/2016,2198.75,"2,203.25","2,213.75","2,197.25",1.96M,-0.23%
12/1/2016,2192.00,"2,199.50","2,203.00","2,186.00",2.15M,-0.31%
12/2/2016,2192.00,"2,190.50","2,197.25","2,184.25",1.68M,0.00%
12/5/2016,2204.25,"2,184.00","2,208.75","2,179.00",1.66M,0.56%
12/6/2016,2210.00,"2,205.00","2,212.00","2,200.25",1.48M,0.26%
12/7/2016,2236.75,"2,211.25","2,241.25","2,206.75",2.33M,1.21%
12/8/2016,2247.75,"2,236.50","2,251.50","2,232.50",2.11M,0.49%
12/9/2016,2260.00,"2,246.75","2,261.25","2,245.00",1.09M,0.54%
12/12/2016,2256.00,"2,260.75","2,270.25","2,252.25",1.02M,-0.18%
12/13/2016,2273.25,"2,256.00","2,278.25","2,253.25",1.05M,0.76%
12/14/2016,2257.00,"2,273.25","2,277.00","2,248.00",767.13K,-0.71%
12/15/2016,2263.50,"2,256.00","2,272.75","2,252.25",477.53K,0.29%
12/16/2016,2268.63,"2,264.25","2,269.50","2,261.75",49.85K,0.23%
12/19/2016,2260.00,"2,256.00","2,263.75","2,254.00",928.69K,-0.38%
12/20/2016,2266.50,"2,260.25","2,269.50","2,260.00",814.01K,0.29%
12/21/2016,2260.50,"2,267.25","2,268.00","2,258.00",667.71K,-0.26%
12/22/2016,2258.75,"2,258.25","2,261.00","2,251.50",847.63K,-0.08%
12/23/2016,2260.00,"2,257.50","2,261.00","2,254.25",396.54K,0.06%
12/26/2016,2259.00,"2,259.25","2,260.25","2,258.50",-,-0.04%
12/27/2016,2261.00,"2,258.75","2,269.50","2,257.75",498.74K,0.09%
12/28/2016,2245.25,"2,261.25","2,267.50","2,243.50",1.00M,-0.70%
12/29/2016,2245.00,"2,245.50","2,250.00","2,239.50",913.22K,-0.01%
12/30/2016,2236.25,"2,246.25","2,252.75","2,228.00",1.28M,-0.39%
1/2/2017,2243.25,"2,241.38","2,244.88","2,241.38",-,0.31%
1/3/2017,2252.50,"2,240.75","2,259.50","2,239.50",1.81M,0.41%
1/4/2017,2264.25,"2,252.75","2,267.25","2,251.00",1.40M,0.52%
1/5/2017,2264.25,"2,264.50","2,266.00","2,254.00",1.32M,0.00%
1/6/2017,2271.50,"2,264.25","2,277.00","2,258.25",1.55M,0.32%
1/9/2017,2265.00,"2,271.25","2,275.25","2,263.50",1.03M,-0.29%
1/10/2017,2263.75,"2,264.50","2,274.00","2,259.50",1.30M,-0.06%
1/11/2017,2270.50,"2,263.75","2,271.75","2,255.00",1.73M,0.30%
1/12/2017,2263.50,"2,270.50","2,270.50","2,248.50",1.75M,-0.31%
1/13/2017,2272.50,"2,264.50","2,273.50","2,262.75",1.19M,0.40%
1/15/2017,2268.50,"2,270.25","2,270.25","2,268.00",-,-0.18%
1/16/2017,2266.25,"2,268.50","2,269.50","2,265.00",-,-0.10%
1/17/2017,2262.75,"2,270.25","2,270.50","2,257.25",1.54M,-0.15%
1/18/2017,2266.50,"2,262.00","2,268.50","2,258.25",1.11M,0.17%
1/19/2017,2261.50,"2,265.50","2,269.50","2,253.00",1.39M,-0.22%
1/20/2017,2266.00,"2,261.00","2,272.75","2,259.75",1.74M,0.20%
1/23/2017,2262.00,"2,266.00","2,267.50","2,251.75",1.47M,-0.18%
1/24/2017,2274.50,"2,260.75","2,280.50","2,259.50",1.27M,0.55%
1/25/2017,2294.00,"2,275.75","2,295.25","2,274.75",1.39M,0.86%
1/26/2017,2294.00,"2,293.75","2,299.50","2,289.50",1.17M,0.00%
1/27/2017,2289.00,"2,294.00","2,296.75","2,287.00",942.08K,-0.22%
1/30/2017,2276.00,"2,282.00","2,285.75","2,263.25",1.85M,-0.57%
1/31/2017,2274.50,"2,275.75","2,278.25","2,262.25",1.63M,-0.07%
2/1/2017,2274.50,"2,277.00","2,285.00","2,268.25",1.57M,0.00%
2/2/2017,2275.50,"2,275.00","2,279.75","2,264.50",1.41M,0.04%
2/3/2017,2291.00,"2,274.00","2,294.00","2,270.50",1.42M,0.68%
2/6/2017,2286.50,"2,293.00","2,294.25","2,283.50",1.16M,-0.20%
2/7/2017,2288.50,"2,286.25","2,295.00","2,284.00",1.20M,0.09%
2/8/2017,2290.25,"2,285.75","2,292.00","2,281.00",1.28M,0.08%
2/9/2017,2304.25,"2,290.50","2,307.75","2,287.75",1.35M,0.61%
2/10/2017,2312.75,"2,304.25","2,315.75","2,303.00",1.18M,0.37%
2/13/2017,2326.25,"2,314.25","2,329.00","2,313.25",1.21M,0.58%
2/14/2017,2337.00,"2,326.50","2,337.75","2,319.75",1.39M,0.46%
2/15/2017,2350.50,"2,335.50","2,351.50","2,331.25",1.53M,0.58%
2/16/2017,2345.50,"2,350.25","2,350.75","2,336.75",1.74M,-0.21%
2/17/2017,2348.00,"2,345.00","2,348.75","2,336.50",1.40M,0.11%
2/19/2017,2347.50,"2,346.75","2,348.00","2,346.25",-,-0.02%
2/20/2017,2353.25,"2,347.25","2,356.75","2,346.00",-,0.24%
2/21/2017,2360.00,"2,346.50","2,365.00","2,346.00",1.65M,0.29%
2/22/2017,2361.00,"2,360.00","2,363.75","2,355.25",1.30M,0.04%
2/23/2017,2362.75,"2,362.00","2,367.50","2,353.00",1.56M,0.07%
2/24/2017,2365.00,"2,361.50","2,365.75","2,349.50",1.55M,0.10%
2/27/2017,2368.25,"2,362.75","2,370.75","2,361.00",1.16M,0.14%
2/28/2017,2362.75,"2,365.75","2,368.75","2,357.50",1.61M,-0.23%
3/1/2017,2393.50,"2,364.50","2,401.00","2,363.25",2.17M,1.30%
3/2/2017,2382.00,"2,392.25","2,394.25","2,378.00",1.74M,-0.48%
3/3/2017,2381.25,"2,379.75","2,383.25","2,373.75",1.36M,-0.03%
3/6/2017,2375.50,"2,380.25","2,380.75","2,367.00",1.38M,-0.24%
3/7/2017,2366.50,"2,371.25","2,375.50","2,364.50",1.30M,-0.38%
3/8/2017,2364.00,"2,365.75","2,373.00","2,359.50",1.65M,-0.11%
3/9/2017,2366.25,"2,363.75","2,369.25","2,354.00",1.79M,0.10%
3/10/2017,2371.75,"2,367.50","2,379.75","2,362.25",1.36M,0.23%
3/13/2017,2375.00,"2,370.75","2,375.25","2,368.00",1.04M,0.14%
3/14/2017,2366.50,"2,374.00","2,374.75","2,358.00",952.37K,-0.36%
3/15/2017,2383.75,"2,367.00","2,390.50","2,366.50",621.38K,0.73%
3/16/2017,2382.75,"2,382.50","2,392.00","2,376.75",377.98K,-0.04%
3/17/2017,2385.80,"2,382.25","2,385.75","2,379.00",42.54K,0.13%
3/20/2017,2370.25,"2,373.75","2,376.00","2,365.50",1.08M,-0.65%
3/21/2017,2342.25,"2,369.00","2,378.75","2,338.00",2.57M,-1.18%
3/22/2017,2342.50,"2,340.50","2,348.75","2,332.25",1.88M,0.01%
3/23/2017,2340.00,"2,342.25","2,356.00","2,338.25",1.63M,-0.11%
3/24/2017,2344.75,"2,341.00","2,352.75","2,331.75",1.60M,0.20%
3/27/2017,2338.50,"2,337.00","2,341.50","2,317.75",1.61M,-0.27%
3/28/2017,2351.50,"2,340.50","2,360.50","2,333.50",1.62M,0.56%
3/29/2017,2357.00,"2,353.00","2,359.75","2,348.75",1.15M,0.23%
3/30/2017,2364.50,"2,357.00","2,366.75","2,353.25",1.16M,0.32%
3/31/2017,2359.25,"2,365.50","2,366.75","2,356.75",1.57M,-0.22%
4/3/2017,2356.00,"2,357.50","2,363.25","2,340.00",1.72M,-0.14%
4/4/2017,2356.50,"2,354.25","2,358.75","2,344.75",1.21M,0.02%
4/5/2017,2346.50,"2,358.75","2,375.00","2,343.75",1.94M,-0.42%
4/6/2017,2353.75,"2,345.50","2,361.25","2,338.00",1.60M,0.31%
4/7/2017,2352.25,"2,355.25","2,360.75","2,336.75",1.47M,-0.06%
4/10/2017,2352.50,"2,351.75","2,363.25","2,347.50",1.35M,0.01%
4/11/2017,2351.00,"2,354.25","2,355.75","2,333.25",1.86M,-0.06%
4/12/2017,2340.75,"2,351.75","2,356.50","2,337.50",1.53M,-0.44%
4/13/2017,2327.50,"2,338.75","2,345.00","2,324.00",1.59M,-0.57%
4/17/2017,2345.00,"2,324.00","2,346.00","2,322.75",981.68K,0.75%
4/18/2017,2337.25,"2,345.00","2,347.00","2,330.25",1.43M,-0.33%
4/19/2017,2333.75,"2,337.75","2,349.25","2,331.25",1.25M,-0.15%
4/20/2017,2352.00,"2,333.25","2,358.25","2,332.50",1.47M,0.78%
4/21/2017,2347.50,"2,352.75","2,356.00","2,340.50",1.28M,-0.19%
4/24/2017,2370.00,"2,365.75","2,376.75","2,365.25",1.55M,0.96%
4/25/2017,2385.00,"2,370.00","2,389.25","2,368.25",1.32M,0.63%
4/26/2017,2382.25,"2,383.00","2,394.75","2,381.50",1.49M,-0.12%
4/27/2017,2386.00,"2,381.50","2,388.75","2,378.75",1.12M,0.16%
4/28/2017,2380.50,"2,386.25","2,388.75","2,378.25",1.17M,-0.23%
5/1/2017,2387.00,"2,381.50","2,390.75","2,377.00",906.28K,0.27%
5/2/2017,2385.75,"2,386.25","2,388.75","2,381.75",958.98K,-0.05%
5/3/2017,2383.25,"2,384.00","2,386.00","2,375.50",1.08M,-0.10%
5/4/2017,2385.50,"2,382.00","2,390.75","2,376.00",1.23M,0.09%
5/5/2017,2397.75,"2,386.00","2,399.25","2,379.00",1.13M,0.51%
5/8/2017,2395.00,"2,402.50","2,403.75","2,389.75",957.16K,-0.11%
5/9/2017,2393.25,"2,394.50","2,400.00","2,388.75",1.11M,-0.07%
5/10/2017,2395.25,"2,391.75","2,397.00","2,387.50",998.86K,0.08%
5/11/2017,2391.00,"2,395.00","2,395.25","2,379.00",1.36M,-0.18%
5/12/2017,2388.75,"2,390.25","2,391.50","2,384.25",1.09M,-0.09%
5/15/2017,2398.50,"2,388.75","2,402.25","2,388.00",1.04M,0.41%
5/16/2017,2397.00,"2,399.75","2,404.50","2,393.75",1.07M,-0.06%
5/17/2017,2357.50,"2,396.50","2,396.75","2,354.75",2.81M,-1.65%
5/18/2017,2363.50,"2,355.00","2,375.00","2,344.50",2.46M,0.25%
5/19/2017,2381.50,"2,364.00","2,388.00","2,361.00",1.67M,0.76%
5/22/2017,2392.75,"2,381.75","2,394.25","2,378.25",1.11M,0.47%
5/23/2017,2398.00,"2,393.50","2,399.50","2,386.75",1.02M,0.22%
5/24/2017,2402.00,"2,397.00","2,404.00","2,394.75",984.36K,0.17%
5/25/2017,2413.50,"2,403.00","2,417.75","2,402.50",1.32M,0.48%
5/26/2017,2413.75,"2,413.00","2,415.75","2,408.00",879.56K,0.01%
5/28/2017,2415.50,"2,414.62","2,417.00","2,414.00",-,0.07%
5/29/2017,2414.25,"2,415.50","2,417.00","2,413.75",-,-0.05%
5/30/2017,2410.75,"2,414.00","2,417.00","2,407.75",1.04M,-0.14%
5/31/2017,2411.00,"2,410.50","2,416.75","2,402.75",1.73M,0.01%
6/1/2017,2429.50,"2,413.75","2,430.50","2,410.50",1.43M,0.77%
6/2/2017,2437.75,"2,429.25","2,439.75","2,427.00",1.74M,0.34%
6/5/2017,2434.50,"2,435.25","2,439.00","2,433.00",891.94K,-0.13%
6/6/2017,2430.75,"2,434.25","2,435.75","2,426.25",1.35M,-0.15%
6/7/2017,2432.00,"2,429.50","2,435.00","2,424.00",1.43M,0.05%
6/8/2017,2432.50,"2,431.50","2,439.00","2,427.25",1.45M,0.02%
6/9/2017,2430.50,"2,427.25","2,445.75","2,414.75",1.59M,-0.08%
6/12/2017,2428.50,"2,430.00","2,431.00","2,419.00",1.25M,-0.08%
6/13/2017,2440.00,"2,428.75","2,441.50","2,427.25",1.03M,0.47%
6/14/2017,2437.25,"2,440.25","2,445.50","2,427.75",684.54K,-0.11%
6/15/2017,2434.25,"2,436.00","2,436.00","2,418.25",470.70K,-0.12%
6/16/2017,2434.89,"2,433.75","2,439.00","2,432.50",47.30K,0.03%
6/19/2017,2447.50,"2,433.50","2,451.50","2,432.75",1.22M,0.52%
6/20/2017,2437.50,"2,447.75","2,451.00","2,434.00",1.33M,-0.41%
6/21/2017,2433.50,"2,435.75","2,440.00","2,428.00",1.37M,-0.16%
6/22/2017,2431.75,"2,431.75","2,439.00","2,428.00",1.06M,-0.07%
6/23/2017,2435.00,"2,431.25","2,438.75","2,428.25",1.20M,0.13%
6/26/2017,2436.00,"2,432.00","2,447.50","2,430.00",1.27M,0.04%
6/27/2017,2420.50,"2,435.75","2,437.25","2,416.50",1.64M,-0.64%
6/28/2017,2438.50,"2,417.00","2,442.50","2,413.75",1.56M,0.74%
6/29/2017,2420.00,"2,442.00","2,445.00","2,402.25",2.34M,-0.76%
6/30/2017,2421.00,"2,420.75","2,429.75","2,415.00",1.64M,0.04%
7/3/2017,2425.00,"2,422.00","2,436.50","2,421.50",766.23K,0.17%
7/4/2017,2423.75,"2,427.38","2,431.38","2,421.25",-,-0.05%
7/5/2017,2428.00,"2,423.75","2,432.25","2,419.25",1.29M,0.18%
7/6/2017,2408.50,"2,428.00","2,430.50","2,405.25",1.60M,-0.80%
7/7/2017,2422.50,"2,409.25","2,425.00","2,407.50",1.27M,0.58%
7/10/2017,2424.50,"2,423.00","2,430.00","2,419.25",861.22K,0.08%
7/11/2017,2424.50,"2,423.75","2,427.75","2,410.25",1.13M,0.00%
7/12/2017,2440.00,"2,425.00","2,443.75","2,422.50",1.16M,0.64%
7/13/2017,2445.50,"2,441.25","2,447.00","2,439.00",941.06K,0.23%
7/14/2017,2456.00,"2,446.50","2,461.25","2,442.00",1.09M,0.43%
7/17/2017,2458.50,"2,457.00","2,460.50","2,454.00",862.47K,0.10%
7/18/2017,2457.75,"2,459.25","2,461.00","2,448.00",1.09M,-0.03%
7/19/2017,2471.50,"2,459.75","2,472.00","2,457.75",958.46K,0.56%
7/20/2017,2471.25,"2,471.00","2,476.25","2,465.50",1.11M,-0.01%
7/21/2017,2469.50,"2,472.50","2,475.25","2,462.75",1.10M,-0.07%
7/24/2017,2468.50,"2,469.75","2,470.50","2,463.50",857.75K,-0.04%
7/25/2017,2474.00,"2,467.00","2,478.75","2,466.25",1.07M,0.22%
7/26/2017,2473.25,"2,475.25","2,479.75","2,471.50",972.44K,-0.03%
7/27/2017,2472.00,"2,474.50","2,480.50","2,457.00",1.65M,-0.05%
7/28/2017,2470.25,"2,472.00","2,472.00","2,461.50",1.16M,-0.07%
7/31/2017,2468.00,"2,470.50","2,475.00","2,465.25",1.23M,-0.09%
8/1/2017,2472.25,"2,468.00","2,477.25","2,466.25",1.04M,0.17%
8/2/2017,2473.50,"2,474.00","2,476.00","2,463.25",1.30M,0.05%
8/3/2017,2471.75,"2,473.25","2,474.50","2,466.00",1.09M,-0.07%
8/4/2017,2472.00,"2,470.75","2,477.75","2,467.75",1.07M,0.01%
8/7/2017,2477.50,"2,472.25","2,478.25","2,472.00",599.70K,0.22%
8/8/2017,2472.75,"2,477.50","2,488.50","2,467.50",1.37M,-0.19%
8/9/2017,2473.00,"2,470.00","2,474.50","2,459.00",1.56M,0.01%
8/10/2017,2437.50,"2,474.00","2,474.25","2,432.75",2.32M,-1.44%
8/11/2017,2440.00,"2,434.50","2,446.50","2,430.25",1.67M,0.10%
8/14/2017,2463.50,"2,441.50","2,466.50","2,441.50",1.47M,0.96%
8/15/2017,2463.75,"2,464.50","2,473.25","2,460.00",1.06M,0.01%
8/16/2017,2467.50,"2,464.50","2,474.00","2,461.50",1.14M,0.15%
8/17/2017,2429.50,"2,466.75","2,468.50","2,423.75",2.24M,-1.54%
8/18/2017,2426.75,"2,426.75","2,439.50","2,419.50",2.20M,-0.11%
8/21/2017,2428.00,"2,428.75","2,431.50","2,415.75",1.34M,0.05%
8/22/2017,2452.75,"2,428.00","2,454.25","2,427.50",1.37M,1.02%
8/23/2017,2441.50,"2,453.00","2,454.75","2,438.75",1.24M,-0.46%
8/24/2017,2440.75,"2,440.25","2,449.00","2,434.50",1.41M,-0.03%
8/25/2017,2442.50,"2,442.50","2,453.50","2,437.50",1.21M,0.07%
8/28/2017,2443.75,"2,442.00","2,449.25","2,436.25",953.05K,0.05%
8/29/2017,2447.00,"2,434.00","2,448.50","2,421.00",1.62M,0.13%
8/30/2017,2455.75,"2,446.50","2,459.75","2,442.75",1.30M,0.36%
8/31/2017,2470.00,"2,455.25","2,474.25","2,454.75",1.75M,0.58%
9/1/2017,2474.25,"2,470.25","2,479.75","2,470.00",1.06M,0.17%
9/3/2017,2464.75,"2,461.50","2,466.50","2,461.12",-,-0.38%
9/4/2017,2469.62,"2,464.75","2,470.75","2,462.00",-,0.20%
9/5/2017,2459.75,"2,461.25","2,471.25","2,445.50",2.12M,-0.40%
9/6/2017,2465.50,"2,460.25","2,469.00","2,456.50",1.57M,0.23%
9/7/2017,2466.50,"2,464.00","2,468.75","2,457.50",1.53M,0.04%
9/8/2017,2462.50,"2,466.50","2,467.50","2,456.75",1.24M,-0.16%
9/11/2017,2487.50,"2,468.00","2,489.00","2,468.00",1.33M,1.02%
9/12/2017,2496.00,"2,488.25","2,497.00","2,486.75",1.04M,0.34%
9/13/2017,2496.50,"2,497.00","2,497.50","2,490.75",611.37K,0.02%
9/14/2017,2496.50,"2,496.25","2,498.25","2,489.50",419.70K,0.00%
9/15/2017,2496.83,"2,496.00","2,496.50","2,489.50",54.76K,0.01%
9/18/2017,2502.75,"2,499.00","2,506.00","2,497.75",1.09M,0.24%
9/19/2017,2504.75,"2,502.75","2,506.00","2,501.00",961.11K,0.08%
9/20/2017,2505.25,"2,503.75","2,507.25","2,494.00",1.23M,0.02%
9/21/2017,2501.00,"2,504.50","2,506.25","2,496.50",1.12M,-0.17%
9/22/2017,2499.50,"2,500.75","2,501.00","2,492.00",1.02M,-0.06%
9/25/2017,2497.00,"2,499.00","2,504.50","2,485.00",1.54M,-0.10%
9/26/2017,2495.50,"2,498.00","2,501.25","2,492.25",1.14M,-0.06%
9/27/2017,2504.50,"2,495.00","2,509.25","2,493.00",1.58M,0.36%
9/28/2017,2507.75,"2,503.25","2,508.25","2,499.00",1.11M,0.13%
9/29/2017,2516.00,"2,507.75","2,517.75","2,504.75",1.37M,0.33%
10/2/2017,2526.25,"2,518.00","2,528.00","2,517.00",1.14M,0.41%
10/3/2017,2532.75,"2,527.25","2,533.50","2,525.50",849.15K,0.26%
10/4/2017,2536.25,"2,533.00","2,538.00","2,529.00",956.59K,0.14%
10/5/2017,2550.00,"2,535.25","2,550.75","2,534.50",1.10M,0.54%
10/6/2017,2545.00,"2,548.75","2,549.75","2,541.50",1.17M,-0.20%
10/9/2017,2543.75,"2,543.25","2,550.50","2,539.25",735.49K,-0.05%
10/10/2017,2548.50,"2,543.25","2,553.25","2,542.75",1.15M,0.19%
10/11/2017,2553.00,"2,548.75","2,553.50","2,544.25",818.24K,0.18%
10/12/2017,2549.50,"2,552.25","2,553.25","2,546.25",938.48K,-0.14%
10/13/2017,2552.75,"2,548.00","2,555.50","2,547.00",918.54K,0.13%
10/16/2017,2556.25,"2,552.25","2,557.75","2,550.75",795.92K,0.14%
10/17/2017,2557.00,"2,555.50","2,557.75","2,552.25",738.74K,0.03%
10/18/2017,2560.00,"2,556.50","2,562.25","2,556.25",753.38K,0.12%
10/19/2017,2560.50,"2,560.00","2,561.50","2,542.50",1.36M,0.02%
10/20/2017,2574.00,"2,561.00","2,574.50","2,559.50",1.25M,0.53%
10/23/2017,2563.50,"2,572.75","2,577.25","2,561.50",1.27M,-0.41%
10/24/2017,2567.25,"2,562.50","2,570.25","2,562.25",1.05M,0.15%
10/25/2017,2558.50,"2,564.75","2,566.25","2,541.50",2.10M,-0.34%
10/26/2017,2561.50,"2,559.50","2,565.00","2,555.50",1.39M,0.12%
10/27/2017,2578.50,"2,561.50","2,580.75","2,557.50",1.56M,0.66%
10/30/2017,2568.25,"2,575.50","2,578.25","2,565.50",1.24M,-0.40%
10/31/2017,2572.75,"2,568.00","2,575.50","2,566.75",1.05M,0.18%
11/1/2017,2574.75,"2,572.75","2,585.50","2,571.00",1.29M,0.08%
11/2/2017,2576.75,"2,571.50","2,578.50","2,562.25",1.30M,0.08%
11/3/2017,2582.75,"2,577.50","2,585.50","2,573.50",992.68K,0.23%
11/6/2017,2588.75,"2,580.00","2,590.00","2,575.50",848.12K,0.23%
11/7/2017,2586.75,"2,587.75","2,593.50","2,580.75",1.16M,-0.08%
11/8/2017,2591.00,"2,584.00","2,592.50","2,579.75",1.06M,0.16%
11/9/2017,2584.00,"2,591.25","2,594.50","2,563.25",2.22M,-0.27%
11/10/2017,2579.50,"2,582.00","2,585.75","2,571.50",1.19M,-0.17%
11/13/2017,2582.00,"2,580.25","2,585.50","2,570.25",1.05M,0.10%
11/14/2017,2578.00,"2,580.25","2,582.25","2,564.25",1.58M,-0.15%
11/15/2017,2565.00,"2,576.75","2,577.00","2,555.50",1.92M,-0.50%
11/16/2017,2585.00,"2,564.25","2,589.50","2,562.25",1.53M,0.78%
11/17/2017,2576.25,"2,584.25","2,586.00","2,574.75",1.19M,-0.34%
11/20/2017,2582.00,"2,576.00","2,584.00","2,567.75",1.00M,0.22%
11/21/2017,2596.25,"2,582.00","2,600.50","2,579.25",1.15M,0.55%
11/22/2017,2594.50,"2,595.75","2,600.00","2,592.75",770.81K,-0.07%
11/23/2017,2595.00,"2,594.12","2,598.00","2,589.50",-,0.02%
11/24/2017,2601.00,"2,593.25","2,603.00","2,589.50",551.20K,0.23%
11/27/2017,2601.75,"2,601.00","2,605.50","2,596.50",960.11K,0.03%
11/28/2017,2626.00,"2,602.25","2,627.00","2,597.50",1.56M,0.93%
11/29/2017,2625.00,"2,625.50","2,634.25","2,619.75",1.66M,-0.04%
11/30/2017,2648.00,"2,625.00","2,658.50","2,621.75",2.35M,0.88%
12/1/2017,2644.00,"2,640.75","2,650.75","2,605.00",2.52M,-0.15%
12/4/2017,2638.25,"2,654.50","2,665.25","2,633.75",1.76M,-0.22%
12/5/2017,2628.25,"2,636.00","2,648.75","2,627.25",1.39M,-0.38%
12/6/2017,2629.25,"2,626.75","2,634.50","2,620.00",1.31M,0.04%
12/7/2017,2639.50,"2,630.50","2,641.25","2,626.25",1.35M,0.39%
12/8/2017,2651.00,"2,639.50","2,652.50","2,637.75",1.15M,0.44%
12/11/2017,2661.50,"2,652.00","2,664.75","2,649.25",1.27M,0.40%
12/12/2017,2665.00,"2,662.75","2,670.25","2,660.50",1.03M,0.13%
12/13/2017,2666.50,"2,665.50","2,672.50","2,656.75",758.32K,0.06%
12/14/2017,2653.25,"2,665.50","2,670.75","2,649.25",473.84K,-0.50%
12/15/2017,2669.02,"2,650.00","2,667.25","2,650.00",34.57K,0.59%
12/18/2017,2694.50,"2,683.00","2,698.00","2,682.50",1.04M,0.95%
12/19/2017,2684.00,"2,695.00","2,698.00","2,682.50",980.48K,-0.39%
12/20/2017,2681.50,"2,684.75","2,695.50","2,679.00",981.22K,-0.09%
12/21/2017,2687.75,"2,681.50","2,696.00","2,680.75",853.75K,0.23%
12/22/2017,2686.00,"2,686.75","2,691.50","2,682.25",654.51K,-0.07%
12/25/2017,2688.25,"2,687.25","2,689.50","2,687.00",-,0.08%
12/26/2017,2687.00,"2,686.75","2,689.50","2,683.50",376.10K,-0.05%
12/27/2017,2685.50,"2,687.50","2,691.00","2,681.50",666.33K,-0.06%
12/28/2017,2685.75,"2,684.00","2,689.00","2,683.00",535.62K,0.01%
12/29/2017,2676.00,"2,684.75","2,698.25","2,667.75",1.09M,-0.36%
1/1/2018,2680.75,"2,675.75","2,681.00","2,674.75",-,0.18%
1/2/2018,2693.00,"2,675.25","2,696.00","2,674.50",996.27K,0.46%
1/3/2018,2711.00,"2,693.75","2,714.25","2,692.25",1.11M,0.67%
1/4/2018,2723.75,"2,710.25","2,729.00","2,708.50",1.17M,0.47%
1/5/2018,2742.50,"2,725.00","2,743.25","2,723.75",1.14M,0.69%
1/8/2018,2746.75,"2,741.75","2,748.50","2,736.50",903.54K,0.15%
1/9/2018,2752.25,"2,746.50","2,760.00","2,742.75",1.14M,0.20%
1/10/2018,2750.50,"2,749.75","2,752.00","2,736.50",1.29M,-0.06%
1/11/2018,2769.50,"2,750.00","2,770.50","2,747.75",1.05M,0.69%
1/12/2018,2788.75,"2,768.75","2,790.00","2,766.75",1.36M,0.70%
1/14/2018,2795.50,"2,789.75","2,795.50","2,789.75",-,0.24%
1/15/2018,2793.75,"2,795.50","2,797.00","2,791.00",-,-0.06%
1/16/2018,2782.50,"2,789.75","2,808.50","2,769.25",1.98M,-0.40%
1/17/2018,2803.75,"2,782.75","2,809.50","2,779.00",1.54M,0.76%
1/18/2018,2796.25,"2,803.25","2,808.00","2,793.75",1.35M,-0.27%
1/19/2018,2811.00,"2,797.00","2,815.00","2,791.75",1.36M,0.53%
1/22/2018,2835.25,"2,804.00","2,838.25","2,802.00",1.18M,0.86%
1/23/2018,2839.50,"2,835.25","2,844.75","2,828.75",1.28M,0.15%
1/24/2018,2841.00,"2,837.00","2,855.25","2,825.50",1.89M,0.05%
1/25/2018,2841.25,"2,840.00","2,853.75","2,830.75",1.44M,0.01%
1/26/2018,2874.50,"2,842.25","2,876.00","2,841.25",1.29M,1.17%
1/29/2018,2853.50,"2,874.25","2,878.50","2,851.50",1.40M,-0.73%
1/30/2018,2824.50,"2,853.25","2,858.00","2,818.50",2.13M,-1.02%
1/31/2018,2825.75,"2,823.25","2,839.75","2,813.00",1.84M,0.04%
2/1/2018,2822.50,"2,828.75","2,837.25","2,809.50",1.65M,-0.12%
2/2/2018,2756.75,"2,826.50","2,831.00","2,755.25",2.53M,-2.33%
2/5/2018,2607.75,"2,757.00","2,763.00","2,595.75",4.01M,-5.40%
2/6/2018,2694.25,"2,624.00","2,699.75","2,529.00",4.81M,3.32%
2/7/2018,2668.25,"2,685.50","2,726.75","2,660.50",2.49M,-0.97%
2/8/2018,2593.50,"2,664.75","2,686.50","2,577.00",3.12M,-2.80%
2/9/2018,2619.00,"2,593.75","2,637.75","2,530.25",3.91M,0.98%
2/12/2018,2655.25,"2,628.25","2,671.50","2,620.00",2.17M,1.38%
2/13/2018,2661.75,"2,653.25","2,667.50","2,634.25",1.46M,0.24%
2/14/2018,2697.00,"2,662.50","2,701.75","2,627.00",2.09M,1.32%
2/15/2018,2734.00,"2,695.50","2,736.75","2,688.50",1.67M,1.37%
2/16/2018,2735.00,"2,734.00","2,754.75","2,722.25",1.74M,0.04%
2/18/2018,2740.25,"2,736.25","2,741.00","2,734.50",-,0.19%
2/19/2018,2730.75,"2,740.25","2,747.75","2,719.75",-,-0.35%
2/20/2018,2714.00,"2,734.50","2,747.75","2,705.75",1.45M,-0.61%
2/21/2018,2698.75,"2,714.50","2,747.75","2,693.50",1.66M,-0.56%
2/22/2018,2711.50,"2,698.50","2,731.00","2,682.00",1.62M,0.47%
2/23/2018,2748.75,"2,712.75","2,750.25","2,710.00",1.29M,1.37%
2/26/2018,2784.50,"2,751.50","2,786.00","2,742.50",1.26M,1.30%
2/27/2018,2747.50,"2,783.50","2,789.75","2,742.00",1.72M,-1.33%
2/28/2018,2714.50,"2,746.50","2,762.00","2,712.00",1.88M,-1.20%
3/1/2018,2678.25,"2,718.25","2,731.00","2,658.50",2.82M,-1.34%
3/2/2018,2690.25,"2,678.75","2,696.00","2,647.00",2.17M,0.45%
3/5/2018,2718.50,"2,683.25","2,727.75","2,663.75",1.78M,1.05%
3/6/2018,2724.00,"2,719.00","2,734.50","2,710.25",1.45M,0.20%
3/7/2018,2723.25,"2,700.00","2,730.25","2,681.25",1.87M,-0.03%
3/8/2018,2739.25,"2,722.50","2,740.50","2,720.00",1.50M,0.59%
3/9/2018,2784.00,"2,736.50","2,787.00","2,730.00",1.54M,1.63%
3/12/2018,2784.00,"2,784.00","2,800.50","2,779.00",1.23M,0.00%
3/13/2018,2768.50,"2,782.25","2,802.50","2,758.50",1.23M,-0.56%
3/14/2018,2749.75,"2,763.00","2,779.50","2,744.25",766.90K,-0.68%
3/15/2018,2751.50,"2,750.75","2,763.50","2,741.00",358.57K,0.06%
3/16/2018,2751.83,"2,753.75","2,757.00","2,747.00",46.76K,0.01%
3/19/2018,2722.75,"2,756.25","2,756.50","2,697.25",1.99M,-1.06%
3/20/2018,2723.50,"2,721.50","2,729.00","2,712.75",1.10M,0.03%
3/21/2018,2718.25,"2,723.25","2,744.00","2,712.50",1.42M,-0.19%
3/22/2018,2643.25,"2,718.25","2,726.25","2,641.75",2.55M,-2.76%
3/23/2018,2597.75,"2,645.75","2,658.75","2,586.00",2.88M,-1.72%
3/26/2018,2659.50,"2,595.00","2,662.75","2,591.00",2.30M,2.38%
3/27/2018,2615.75,"2,659.50","2,679.75","2,596.00",2.45M,-1.65%
3/28/2018,2607.50,"2,612.75","2,633.75","2,593.00",2.80M,-0.32%
3/29/2018,2643.00,"2,609.75","2,659.50","2,601.00",2.04M,1.36%
4/2/2018,2575.00,"2,635.00","2,641.50","2,552.00",2.40M,-2.57%
4/3/2018,2613.25,"2,581.25","2,618.75","2,573.50",2.22M,1.49%
4/4/2018,2647.00,"2,612.00","2,649.75","2,559.50",2.25M,1.29%
4/5/2018,2661.75,"2,645.75","2,672.25","2,644.00",1.64M,0.56%
4/6/2018,2605.75,"2,663.00","2,664.00","2,584.50",2.62M,-2.10%
4/9/2018,2619.00,"2,607.50","2,653.75","2,607.50",1.76M,0.51%
4/10/2018,2655.00,"2,617.75","2,666.25","2,612.25",2.00M,1.37%
4/11/2018,2641.00,"2,654.50","2,661.25","2,626.00",1.64M,-0.53%
4/12/2018,2664.00,"2,642.50","2,675.00","2,639.75",1.30M,0.87%
4/13/2018,2657.25,"2,661.75","2,680.50","2,644.75",1.71M,-0.25%
4/16/2018,2681.75,"2,673.25","2,687.00","2,660.75",1.24M,0.92%
4/17/2018,2706.50,"2,679.25","2,713.75","2,678.75",1.25M,0.92%
4/18/2018,2709.75,"2,704.50","2,718.50","2,703.75",1.04M,0.12%
4/19/2018,2693.00,"2,711.75","2,713.25","2,681.50",1.58M,-0.62%
4/20/2018,2671.50,"2,692.50","2,698.25","2,659.75",1.60M,-0.80%
4/23/2018,2671.25,"2,683.00","2,684.75","2,657.25",1.24M,-0.01%
4/24/2018,2635.25,"2,672.00","2,688.50","2,616.00",2.33M,-1.35%
4/25/2018,2644.50,"2,635.25","2,648.25","2,611.25",1.90M,0.35%
4/26/2018,2674.50,"2,648.25","2,677.50","2,639.50",1.28M,1.13%
4/27/2018,2671.50,"2,675.50","2,676.25","2,657.75",1.14M,-0.11%
4/30/2018,2647.00,"2,670.50","2,682.25","2,645.00",1.34M,-0.92%
5/1/2018,2652.25,"2,646.25","2,658.00","2,623.25",1.32M,0.20%
5/2/2018,2627.50,"2,655.50","2,658.50","2,624.25",1.43M,-0.93%
5/3/2018,2631.75,"2,626.75","2,636.25","2,591.25",2.15M,0.16%
5/4/2018,2663.00,"2,631.75","2,669.50","2,612.25",1.70M,1.19%
5/7/2018,2670.00,"2,662.75","2,681.50","2,661.25",1.15M,0.26%
5/8/2018,2670.25,"2,668.00","2,674.25","2,652.25",1.28M,0.01%
5/9/2018,2696.00,"2,669.75","2,700.00","2,666.50",1.25M,0.96%
5/10/2018,2718.75,"2,696.00","2,725.00","2,692.75",1.17M,0.84%
5/11/2018,2729.50,"2,716.25","2,732.50","2,716.25",1.07M,0.40%
5/14/2018,2731.00,"2,727.25","2,741.25","2,724.25",945.96K,0.05%
5/15/2018,2709.00,"2,728.50","2,731.25","2,700.50",1.52M,-0.81%
5/16/2018,2723.00,"2,711.25","2,728.00","2,704.50",1.06M,0.52%
5/17/2018,2718.75,"2,721.75","2,732.00","2,711.00",1.07M,-0.16%
5/18/2018,2713.00,"2,718.75","2,727.00","2,708.75",1.01M,-0.21%
5/21/2018,2733.00,"2,728.75","2,739.25","2,724.25",951.91K,0.74%
5/22/2018,2726.00,"2,731.25","2,741.75","2,721.50",891.51K,-0.26%
5/23/2018,2730.75,"2,724.50","2,733.00","2,704.50",1.30M,0.17%
5/24/2018,2727.50,"2,729.75","2,733.25","2,705.75",1.28M,-0.12%
5/25/2018,2718.25,"2,726.75","2,737.75","2,713.75",993.78K,-0.34%
5/27/2018,2729.50,"2,731.00","2,731.00","2,726.00",-,0.41%
5/28/2018,2722.00,"2,729.50","2,731.75","2,718.25",-,-0.27%
5/29/2018,2692.25,"2,729.00","2,731.75","2,675.00",1.99M,-1.09%
5/30/2018,2724.50,"2,693.25","2,729.25","2,685.75",1.42M,1.20%
5/31/2018,2705.50,"2,720.25","2,728.25","2,699.75",1.67M,-0.70%
6/1/2018,2733.75,"2,707.50","2,737.00","2,706.00",1.24M,1.04%
6/4/2018,2745.50,"2,731.00","2,749.25","2,729.00",857.85K,0.43%
6/5/2018,2751.50,"2,746.00","2,753.25","2,739.00",1.03M,0.22%
6/6/2018,2772.25,"2,751.00","2,774.75","2,748.00",1.33M,0.75%
6/7/2018,2772.25,"2,773.25","2,779.75","2,760.00",1.77M,0.00%
6/8/2018,2778.75,"2,771.00","2,779.75","2,752.00",1.37M,0.23%
6/11/2018,2783.00,"2,771.00","2,790.50","2,770.50",1.22M,0.15%
6/12/2018,2784.00,"2,781.25","2,789.75","2,778.50",988.75K,0.04%
6/13/2018,2774.25,"2,788.00","2,791.75","2,773.75",614.17K,-0.35%
6/14/2018,2783.25,"2,773.25","2,789.25","2,767.50",398.11K,0.32%
6/15/2018,2776.85,"2,782.50","2,784.00","2,766.25",45.30K,-0.23%
6/18/2018,2779.75,"2,780.00","2,786.75","2,761.25",993.12K,0.10%
6/19/2018,2766.25,"2,778.25","2,780.25","2,735.75",1.66M,-0.49%
6/20/2018,2772.00,"2,765.25","2,778.25","2,757.25",1.08M,0.21%
6/21/2018,2752.50,"2,771.75","2,785.25","2,747.00",1.49M,-0.70%
6/22/2018,2759.50,"2,750.50","2,768.50","2,749.25",1.11M,0.25%
6/25/2018,2722.25,"2,757.00","2,758.00","2,700.50",2.21M,-1.35%
6/26/2018,2728.50,"2,721.75","2,735.25","2,714.75",1.40M,0.23%
6/27/2018,2705.00,"2,726.50","2,748.00","2,701.00",2.12M,-0.86%
6/28/2018,2719.50,"2,705.00","2,726.25","2,693.25",1.68M,0.54%
6/29/2018,2721.50,"2,720.00","2,745.50","2,716.75",1.64M,0.07%
7/2/2018,2727.25,"2,721.00","2,728.50","2,698.50",1.21M,0.21%
7/3/2018,2713.25,"2,727.25","2,741.50","2,712.00",860.53K,-0.51%
7/4/2018,2719.75,"2,713.00","2,724.00","2,712.25",-,0.24%
7/5/2018,2738.50,"2,713.00","2,739.75","2,710.75",1.17M,0.69%
7/6/2018,2763.00,"2,737.00","2,766.25","2,731.25",1.29M,0.89%
7/9/2018,2787.50,"2,762.00","2,788.00","2,761.75",970.34K,0.89%
7/10/2018,2796.75,"2,787.50","2,797.75","2,780.50",925.71K,0.33%
7/11/2018,2774.00,"2,780.75","2,787.75","2,765.75",1.37M,-0.81%
7/12/2018,2798.50,"2,776.75","2,801.00","2,773.75",1.12M,0.88%
7/13/2018,2803.25,"2,798.50","2,807.25","2,793.25",952.31K,0.17%
7/16/2018,2796.50,"2,804.75","2,809.00","2,795.00",801.61K,-0.24%
7/17/2018,2811.25,"2,795.75","2,815.75","2,789.75",1.06M,0.53%
7/18/2018,2816.00,"2,813.00","2,818.25","2,806.75",860.52K,0.17%
7/19/2018,2805.25,"2,814.50","2,818.00","2,800.25",1.08M,-0.38%
7/20/2018,2800.75,"2,805.50","2,810.50","2,793.00",1.01M,-0.16%
7/23/2018,2812.00,"2,805.25","2,812.50","2,792.50",812.48K,0.40%
7/24/2018,2821.00,"2,810.50","2,831.25","2,810.25",1.35M,0.32%
7/25/2018,2841.25,"2,819.25","2,849.50","2,814.00",1.30M,0.72%
7/26/2018,2842.50,"2,835.25","2,846.50","2,833.25",1.04M,0.04%
7/27/2018,2817.50,"2,840.25","2,847.00","2,808.75",1.49M,-0.88%
7/30/2018,2803.25,"2,816.00","2,821.75","2,798.25",1.17M,-0.51%
7/31/2018,2817.00,"2,805.50","2,827.75","2,802.75",1.37M,0.49%
8/1/2018,2810.75,"2,824.25","2,825.75","2,805.50",1.10M,-0.22%
8/2/2018,2828.50,"2,814.00","2,831.25","2,791.00",1.24M,0.63%
8/3/2018,2839.50,"2,830.75","2,841.50","2,824.75",922.24K,0.39%
8/6/2018,2850.00,"2,841.50","2,853.50","2,835.00",797.32K,0.37%
8/7/2018,2859.75,"2,849.25","2,863.75","2,848.25",780.22K,0.34%
8/8/2018,2855.25,"2,860.50","2,862.50","2,852.50",745.41K,-0.16%
8/9/2018,2853.75,"2,853.50","2,862.75","2,850.50",696.70K,-0.05%
8/10/2018,2836.75,"2,852.50","2,852.75","2,826.00",1.42M,-0.60%
8/13/2018,2825.50,"2,835.75","2,843.75","2,820.00",1.28M,-0.40%
8/14/2018,2841.00,"2,826.75","2,843.50","2,825.75",1.02M,0.55%
8/15/2018,2821.25,"2,841.75","2,843.00","2,803.00",1.87M,-0.70%
8/16/2018,2844.75,"2,822.25","2,851.75","2,817.50",1.27M,0.83%
8/17/2018,2852.25,"2,843.50","2,857.00","2,835.00",1.20M,0.26%
8/20/2018,2858.50,"2,851.75","2,860.75","2,850.25",817.38K,0.22%
8/21/2018,2861.75,"2,856.75","2,874.00","2,852.00",1.06M,0.11%
8/22/2018,2861.25,"2,853.00","2,868.25","2,846.25",996.43K,-0.02%
8/23/2018,2858.00,"2,861.75","2,869.75","2,854.75",1.05M,-0.11%
8/24/2018,2876.75,"2,858.25","2,877.50","2,856.25",1.06M,0.66%
8/27/2018,2898.50,"2,877.75","2,899.50","2,876.75",961.50K,0.76%
8/28/2018,2899.25,"2,899.00","2,906.25","2,894.25",902.71K,0.03%
8/29/2018,2914.75,"2,900.50","2,917.50","2,897.50",1.11M,0.53%
8/30/2018,2902.00,"2,915.75","2,916.25","2,895.50",1.33M,-0.44%
8/31/2018,2902.00,"2,898.00","2,907.50","2,891.75",1.32M,0.00%
9/2/2018,2906.50,"2,906.75","2,907.00","2,904.75",-,0.16%
9/3/2018,2906.25,"2,906.50","2,912.50","2,902.50",-,-0.01%
9/4/2018,2898.25,"2,906.50","2,912.50","2,885.50",1.61M,-0.28%
9/5/2018,2888.25,"2,898.75","2,900.50","2,877.50",1.60M,-0.35%
9/6/2018,2879.00,"2,888.50","2,893.00","2,868.00",1.63M,-0.32%
9/7/2018,2874.75,"2,877.75","2,885.00","2,865.00",1.69M,-0.15%
9/10/2018,2880.25,"2,873.75","2,888.25","2,873.25",1.25M,0.19%
9/11/2018,2889.75,"2,879.75","2,893.00","2,867.25",1.27M,0.33%
9/12/2018,2888.50,"2,890.00","2,895.25","2,879.50",1.58M,-0.04%
9/13/2018,2905.25,"2,887.00","2,907.00","2,884.75",1.64M,0.58%
9/14/2018,2906.25,"2,904.75","2,912.25","2,896.75",1.20M,0.03%
9/17/2018,2891.00,"2,903.50","2,906.25","2,887.25",1.16M,-0.52%
9/18/2018,2906.50,"2,890.50","2,912.50","2,878.50",986.83K,0.54%
9/19/2018,2910.00,"2,907.75","2,913.75","2,900.75",563.50K,0.12%
9/20/2018,2934.00,"2,911.25","2,935.75","2,908.25",360.70K,0.82%
9/21/2018,2940.45,"2,934.75","2,944.00","2,932.25",38.48K,0.22%
9/24/2018,2925.50,"2,929.50","2,930.25","2,917.75",1.16M,-0.51%
9/25/2018,2921.25,"2,926.50","2,934.25","2,918.25",1.03M,-0.15%
9/26/2018,2911.50,"2,922.50","2,936.00","2,907.50",1.31M,-0.33%
9/27/2018,2920.00,"2,911.50","2,932.00","2,907.50",1.21M,0.29%
9/28/2018,2919.00,"2,922.25","2,925.50","2,908.00",1.43M,-0.03%
10/1/2018,2930.00,"2,922.50","2,942.00","2,922.50",1.24M,0.38%
10/2/2018,2928.50,"2,929.25","2,936.00","2,917.50",1.13M,-0.05%
10/3/2018,2931.50,"2,929.00","2,944.75","2,924.75",1.24M,0.10%
10/4/2018,2907.75,"2,926.00","2,926.25","2,887.75",2.17M,-0.81%
10/5/2018,2894.00,"2,910.00","2,915.50","2,873.25",2.29M,-0.47%
10/8/2018,2893.75,"2,897.50","2,898.25","2,866.00",1.76M,-0.01%
10/9/2018,2888.25,"2,892.25","2,900.00","2,874.50",1.77M,-0.19%
10/10/2018,2781.00,"2,886.75","2,891.25","2,771.50",3.46M,-3.71%
10/11/2018,2745.50,"2,776.50","2,798.75","2,712.25",4.01M,-1.28%
10/12/2018,2768.50,"2,748.50","2,785.00","2,732.25",2.85M,0.84%
10/15/2018,2749.00,"2,770.00","2,778.75","2,745.25",1.76M,-0.70%
10/16/2018,2817.75,"2,747.50","2,819.00","2,745.50",1.78M,2.50%
10/17/2018,2816.25,"2,816.25","2,824.25","2,783.25",1.95M,-0.05%
10/18/2018,2772.25,"2,813.25","2,814.75","2,756.50",2.22M,-1.56%
10/19/2018,2767.50,"2,774.75","2,800.50","2,762.25",2.02M,-0.17%
10/22/2018,2756.50,"2,758.00","2,782.00","2,749.75",1.67M,-0.40%
10/23/2018,2746.25,"2,755.75","2,757.50","2,692.25",2.85M,-0.37%
10/24/2018,2664.25,"2,745.25","2,750.00","2,652.25",2.86M,-2.99%
10/25/2018,2688.25,"2,673.75","2,723.75","2,658.75",2.54M,0.90%
10/26/2018,2669.50,"2,678.00","2,692.75","2,627.25",3.51M,-0.70%
10/29/2018,2643.50,"2,667.00","2,707.00","2,603.00",2.79M,-0.97%
10/30/2018,2685.25,"2,639.00","2,690.25","2,633.25",2.50M,1.58%
10/31/2018,2711.00,"2,690.75","2,737.25","2,682.00",2.47M,0.96%
11/1/2018,2738.00,"2,706.00","2,741.25","2,705.50",1.82M,1.00%
11/2/2018,2724.25,"2,724.00","2,766.25","2,699.50",2.37M,-0.50%
11/5/2018,2739.50,"2,722.50","2,743.75","2,712.75",1.31M,0.56%
11/6/2018,2759.00,"2,739.00","2,761.00","2,729.75",1.27M,0.71%
11/7/2018,2816.50,"2,756.75","2,817.75","2,744.75",1.89M,2.08%
11/8/2018,2808.75,"2,815.75","2,818.00","2,795.00",1.32M,-0.28%
11/9/2018,2779.00,"2,804.00","2,811.25","2,764.50",1.72M,-1.06%
11/12/2018,2727.75,"2,778.75","2,795.25","2,722.25",1.92M,-1.84%
11/13/2018,2727.50,"2,732.00","2,755.75","2,714.50",2.10M,-0.01%
11/14/2018,2698.50,"2,731.25","2,748.25","2,686.25",2.30M,-1.06%
11/15/2018,2734.50,"2,702.00","2,736.75","2,671.25",2.38M,1.33%
11/16/2018,2743.00,"2,731.75","2,748.75","2,708.75",1.88M,0.31%
11/19/2018,2696.25,"2,733.00","2,748.00","2,681.50",1.99M,-1.70%
11/20/2018,2640.00,"2,696.25","2,696.75","2,631.75",2.53M,-2.09%
11/21/2018,2649.00,"2,639.75","2,671.25","2,632.25",1.45M,0.34%
11/22/2018,2641.50,"2,650.50","2,656.25","2,629.00",-,-0.28%
11/23/2018,2629.50,"2,650.00","2,656.25","2,626.00",872.86K,-0.45%
11/26/2018,2670.00,"2,633.50","2,676.25","2,631.50",1.37M,1.54%
11/27/2018,2683.50,"2,661.00","2,686.75","2,655.25",1.47M,0.51%
11/28/2018,2687.50,"2,685.25","2,697.75","2,681.00",-,0.15%
