Date,Price,Open,High,Low,Change %
17-Oct-16,1.0999,1.0975,1.1011,1.0964,0.26%
18-Oct-16,1.098,1.1,1.1029,1.097,-0.17%
19-Oct-16,1.0974,1.098,1.1005,1.0955,-0.05%
20-Oct-16,1.093,1.0974,1.1041,1.0916,-0.40%
21-Oct-16,1.0884,1.0929,1.0933,1.0859,-0.42%
24-Oct-16,1.0883,1.0879,1.0903,1.0861,-0.01%
25-Oct-16,1.0888,1.0882,1.0906,1.085,0.05%
26-Oct-16,1.0909,1.0889,1.0947,1.0872,0.19%
27-Oct-16,1.0897,1.0909,1.0945,1.0884,-0.11%
28-Oct-16,1.0987,1.0899,1.0995,1.0893,0.83%
31-Oct-16,1.0981,1.0986,1.0994,1.0936,-0.05%
1-Nov-16,1.1056,1.0981,1.1072,1.0958,0.68%
2-Nov-16,1.1097,1.1056,1.1125,1.1051,0.37%
3-Nov-16,1.1105,1.1099,1.1128,1.1059,0.07%
4-Nov-16,1.1138,1.1105,1.1146,1.108,0.30%
7-Nov-16,1.104,1.1137,1.1139,1.1029,-0.88%
8-Nov-16,1.1026,1.1042,1.107,1.1008,-0.13%
9-Nov-16,1.091,1.1023,1.13,1.0902,-1.05%
10-Nov-16,1.0893,1.0911,1.0958,1.0866,-0.16%
11-Nov-16,1.0856,1.0897,1.0929,1.0833,-0.34%
14-Nov-16,1.0737,1.085,1.0852,1.0709,-1.10%
15-Nov-16,1.0721,1.0736,1.0817,1.0712,-0.15%
16-Nov-16,1.069,1.0724,1.0763,1.0668,-0.29%
17-Nov-16,1.0626,1.069,1.0746,1.0617,-0.60%
18-Nov-16,1.0588,1.0625,1.0645,1.057,-0.36%
21-Nov-16,1.063,1.0583,1.0652,1.0578,0.40%
22-Nov-16,1.0626,1.0627,1.066,1.0583,-0.04%
23-Nov-16,1.0559,1.063,1.0647,1.0527,-0.63%
24-Nov-16,1.0554,1.0554,1.0587,1.0517,-0.05%
25-Nov-16,1.0587,1.0551,1.0631,1.0538,0.31%
28-Nov-16,1.0615,1.0595,1.0686,1.0562,0.26%
29-Nov-16,1.065,1.0615,1.0657,1.0565,0.33%
30-Nov-16,1.0588,1.0649,1.0669,1.0554,-0.58%
1-Dec-16,1.0662,1.059,1.067,1.0584,0.70%
2-Dec-16,1.0673,1.0662,1.0692,1.0626,0.10%
5-Dec-16,1.0764,1.0674,1.0798,1.0505,0.85%
6-Dec-16,1.0719,1.0764,1.0787,1.0698,-0.42%
7-Dec-16,1.0753,1.0721,1.077,1.0709,0.32%
8-Dec-16,1.0615,1.0754,1.0873,1.0595,-1.28%
9-Dec-16,1.0562,1.0618,1.0632,1.0531,-0.50%
12-Dec-16,1.0635,1.0551,1.0652,1.0523,0.69%
13-Dec-16,1.0627,1.0635,1.0668,1.0603,-0.08%
14-Dec-16,1.0536,1.0627,1.0671,1.0495,-0.86%
15-Dec-16,1.0414,1.0536,1.0544,1.0366,-1.16%
16-Dec-16,1.0451,1.0419,1.0477,1.0402,0.36%
19-Dec-16,1.0402,1.0442,1.0479,1.0391,-0.47%
20-Dec-16,1.0387,1.0405,1.0419,1.0352,-0.14%
21-Dec-16,1.0425,1.039,1.0453,1.0381,0.37%
22-Dec-16,1.0437,1.0423,1.0501,1.0421,0.12%
23-Dec-16,1.0456,1.0437,1.047,1.0427,0.18%
26-Dec-16,1.0456,1.0454,1.0473,1.0439,0.00%
27-Dec-16,1.0457,1.0453,1.0465,1.0431,0.01%
28-Dec-16,1.0412,1.0458,1.0483,1.0373,-0.43%
29-Dec-16,1.0492,1.0417,1.0494,1.0406,0.77%
30-Dec-16,1.0516,1.0492,1.0654,1.0482,0.23%
2-Jan-17,1.0459,1.0532,1.0534,1.0449,-0.54%
3-Jan-17,1.0406,1.0455,1.0492,1.0341,-0.51%
4-Jan-17,1.0488,1.0405,1.0501,1.0389,0.79%
5-Jan-17,1.0607,1.0493,1.0619,1.0482,1.13%
6-Jan-17,1.0533,1.0606,1.0624,1.0523,-0.70%
9-Jan-17,1.0574,1.0539,1.0584,1.051,0.39%
10-Jan-17,1.0554,1.0573,1.0628,1.0551,-0.19%
11-Jan-17,1.0582,1.0556,1.0624,1.0454,0.27%
12-Jan-17,1.0613,1.0582,1.0687,1.0573,0.29%
13-Jan-17,1.0644,1.0612,1.0674,1.0598,0.29%
16-Jan-17,1.0603,1.0618,1.0638,1.058,-0.39%
17-Jan-17,1.0714,1.0599,1.0719,1.0595,1.05%
18-Jan-17,1.0631,1.0713,1.0716,1.0624,-0.77%
19-Jan-17,1.0664,1.0629,1.0677,1.0588,0.31%
20-Jan-17,1.0703,1.0667,1.0713,1.0627,0.37%
23-Jan-17,1.0765,1.0687,1.0773,1.0686,0.58%
24-Jan-17,1.0731,1.0763,1.0775,1.0718,-0.32%
25-Jan-17,1.0748,1.0734,1.0773,1.0713,0.16%
26-Jan-17,1.0682,1.0746,1.0767,1.0657,-0.61%
27-Jan-17,1.0699,1.0685,1.0729,1.0661,0.16%
30-Jan-17,1.0695,1.0692,1.0742,1.0619,-0.04%
31-Jan-17,1.0798,1.0695,1.0814,1.0684,0.96%
1-Feb-17,1.0769,1.0798,1.081,1.0731,-0.27%
2-Feb-17,1.0758,1.0767,1.0829,1.0753,-0.10%
3-Feb-17,1.0784,1.0759,1.08,1.0714,0.24%
6-Feb-17,1.075,1.0781,1.0801,1.0703,-0.32%
7-Feb-17,1.0681,1.075,1.0751,1.0654,-0.64%
8-Feb-17,1.0698,1.0682,1.0715,1.0639,0.16%
9-Feb-17,1.0656,1.0699,1.0711,1.065,-0.39%
10-Feb-17,1.0641,1.0658,1.067,1.0609,-0.14%
13-Feb-17,1.0598,1.0634,1.0658,1.0592,-0.40%
14-Feb-17,1.0577,1.0596,1.0634,1.0559,-0.20%
15-Feb-17,1.0601,1.0577,1.0611,1.0523,0.23%
16-Feb-17,1.0674,1.06,1.0682,1.0588,0.69%
17-Feb-17,1.0614,1.0675,1.0679,1.0605,-0.56%
20-Feb-17,1.0614,1.0618,1.0637,1.0606,0.00%
21-Feb-17,1.0537,1.0611,1.0618,1.0526,-0.73%
22-Feb-17,1.0556,1.0534,1.0574,1.0493,0.18%
23-Feb-17,1.0581,1.0557,1.0597,1.0538,0.24%
24-Feb-17,1.0563,1.0583,1.062,1.0557,-0.17%
27-Feb-17,1.0588,1.0562,1.0633,1.0552,0.24%
28-Feb-17,1.0577,1.0587,1.0632,1.057,-0.10%
1-Mar-17,1.0548,1.0575,1.059,1.0514,-0.27%
2-Mar-17,1.0507,1.0547,1.0552,1.0493,-0.39%
3-Mar-17,1.0623,1.0508,1.0626,1.0502,1.10%
6-Mar-17,1.0581,1.0617,1.0643,1.0575,-0.40%
7-Mar-17,1.0566,1.0583,1.0603,1.0557,-0.14%
8-Mar-17,1.0541,1.0566,1.0576,1.0535,-0.24%
9-Mar-17,1.0577,1.0541,1.0617,1.0525,0.34%
10-Mar-17,1.0672,1.0577,1.0702,1.0572,0.90%
13-Mar-17,1.0654,1.0672,1.0715,1.065,-0.17%
14-Mar-17,1.0604,1.0655,1.0664,1.0599,-0.47%
15-Mar-17,1.0735,1.0604,1.0742,1.0603,1.24%
16-Mar-17,1.0766,1.0734,1.0772,1.0706,0.29%
17-Mar-17,1.0738,1.0765,1.0784,1.0728,-0.26%
20-Mar-17,1.0739,1.074,1.0779,1.0725,0.01%
21-Mar-17,1.0811,1.074,1.0822,1.072,0.67%
22-Mar-17,1.0797,1.081,1.0827,1.0776,-0.13%
23-Mar-17,1.0783,1.0797,1.0807,1.0769,-0.13%
24-Mar-17,1.0799,1.0784,1.082,1.0761,0.15%
27-Mar-17,1.0865,1.0797,1.0905,1.0795,0.61%
28-Mar-17,1.0813,1.0864,1.0873,1.0797,-0.48%
29-Mar-17,1.0767,1.0811,1.0827,1.0739,-0.43%
30-Mar-17,1.0675,1.0765,1.0772,1.0671,-0.85%
31-Mar-17,1.0652,1.0675,1.0705,1.0652,-0.22%
3-Apr-17,1.0671,1.066,1.0683,1.0643,0.18%
4-Apr-17,1.0674,1.0669,1.0678,1.0635,0.03%
5-Apr-17,1.0663,1.0672,1.069,1.0633,-0.10%
6-Apr-17,1.0644,1.0663,1.0687,1.063,-0.18%
7-Apr-17,1.059,1.0644,1.0668,1.058,-0.51%
10-Apr-17,1.0596,1.0593,1.0609,1.0571,0.06%
11-Apr-17,1.0602,1.0595,1.0631,1.0577,0.06%
12-Apr-17,1.0666,1.0606,1.0677,1.0589,0.60%
13-Apr-17,1.0614,1.0664,1.0679,1.0609,-0.49%
14-Apr-17,1.0612,1.0615,1.0633,1.0607,-0.02%
17-Apr-17,1.0643,1.0615,1.0674,1.0603,0.29%
18-Apr-17,1.0734,1.0643,1.0737,1.0636,0.86%
19-Apr-17,1.0711,1.073,1.0738,1.07,-0.21%
20-Apr-17,1.0717,1.0711,1.078,1.0709,0.06%
21-Apr-17,1.0728,1.0719,1.0739,1.0682,0.10%
24-Apr-17,1.0868,1.089,1.0936,1.0819,1.30%
25-Apr-17,1.0926,1.0868,1.0951,1.0851,0.53%
26-Apr-17,1.0903,1.0924,1.0951,1.0856,-0.21%
27-Apr-17,1.0873,1.0903,1.0933,1.0851,-0.28%
28-Apr-17,1.0897,1.0877,1.0949,1.0857,0.22%
1-May-17,1.0899,1.0906,1.0924,1.0883,0.02%
2-May-17,1.093,1.0901,1.0936,1.0889,0.28%
3-May-17,1.0885,1.093,1.0939,1.0883,-0.41%
4-May-17,1.0984,1.0884,1.0987,1.0874,0.91%
5-May-17,1.0998,1.0991,1.1002,1.0951,0.13%
8-May-17,1.0924,1.0998,1.1024,1.0917,-0.67%
9-May-17,1.0874,1.0923,1.0935,1.0862,-0.46%
10-May-17,1.0868,1.0874,1.09,1.0853,-0.06%
11-May-17,1.0861,1.0869,1.0894,1.0838,-0.06%
12-May-17,1.0931,1.0863,1.0937,1.0857,0.64%
15-May-17,1.0975,1.0926,1.0991,1.0922,0.40%
16-May-17,1.1082,1.0976,1.1098,1.0972,0.97%
17-May-17,1.1159,1.1083,1.1163,1.1079,0.69%
18-May-17,1.1103,1.116,1.1173,1.1075,-0.50%
19-May-17,1.1207,1.1103,1.1214,1.1097,0.94%
22-May-17,1.1238,1.1202,1.1265,1.1162,0.28%
23-May-17,1.1183,1.1237,1.1268,1.1174,-0.49%
24-May-17,1.1219,1.1184,1.1222,1.1169,0.32%
25-May-17,1.1211,1.1219,1.1252,1.1194,-0.07%
26-May-17,1.1183,1.1211,1.1235,1.1159,-0.25%
29-May-17,1.1165,1.1179,1.1192,1.116,-0.16%
30-May-17,1.1185,1.1165,1.1207,1.1111,0.18%
31-May-17,1.1243,1.1186,1.1255,1.1165,0.52%
1-Jun-17,1.1213,1.1242,1.1258,1.1203,-0.27%
2-Jun-17,1.1282,1.1213,1.1287,1.1205,0.62%
5-Jun-17,1.1255,1.128,1.1285,1.1236,-0.24%
6-Jun-17,1.1278,1.1254,1.1285,1.124,0.20%
7-Jun-17,1.1257,1.1277,1.1284,1.1205,-0.19%
8-Jun-17,1.1214,1.1257,1.127,1.1195,-0.38%
9-Jun-17,1.1196,1.1217,1.124,1.1168,-0.16%
12-Jun-17,1.1203,1.1196,1.1235,1.1193,0.06%
13-Jun-17,1.1216,1.1203,1.1225,1.1184,0.12%
14-Jun-17,1.1218,1.121,1.1296,1.1191,0.02%
15-Jun-17,1.1145,1.1219,1.1231,1.1132,-0.65%
16-Jun-17,1.1198,1.1142,1.1201,1.1138,0.48%
19-Jun-17,1.1148,1.1199,1.1214,1.1141,-0.45%
20-Jun-17,1.1135,1.1147,1.1165,1.1118,-0.12%
21-Jun-17,1.1168,1.1133,1.1171,1.1128,0.30%
22-Jun-17,1.1153,1.1167,1.1179,1.114,-0.13%
23-Jun-17,1.1194,1.1152,1.1211,1.1145,0.37%
26-Jun-17,1.1182,1.1202,1.1222,1.1173,-0.11%
27-Jun-17,1.1339,1.1183,1.1351,1.1178,1.40%
28-Jun-17,1.1378,1.1339,1.1392,1.1292,0.34%
29-Jun-17,1.1441,1.1376,1.1446,1.1373,0.55%
30-Jun-17,1.1426,1.1442,1.1448,1.1393,-0.13%
3-Jul-17,1.1364,1.1422,1.1431,1.1357,-0.54%
4-Jul-17,1.1345,1.1366,1.138,1.1339,-0.17%
5-Jul-17,1.1353,1.1345,1.1369,1.1312,0.07%
6-Jul-17,1.1423,1.1351,1.1425,1.1329,0.62%
7-Jul-17,1.1401,1.1423,1.144,1.1379,-0.19%
10-Jul-17,1.14,1.1391,1.1418,1.1381,-0.01%
11-Jul-17,1.1467,1.14,1.1482,1.1383,0.59%
12-Jul-17,1.1412,1.1467,1.1491,1.1392,-0.48%
13-Jul-17,1.1399,1.1413,1.1459,1.1373,-0.11%
14-Jul-17,1.1469,1.14,1.1473,1.1392,0.61%
17-Jul-17,1.1479,1.1462,1.1487,1.1434,0.09%
18-Jul-17,1.1555,1.148,1.1585,1.1473,0.66%
19-Jul-17,1.1516,1.1554,1.1559,1.1509,-0.34%
20-Jul-17,1.1631,1.1513,1.1657,1.1479,1.00%
21-Jul-17,1.1663,1.1634,1.1684,1.162,0.28%
24-Jul-17,1.1642,1.1662,1.1688,1.1628,-0.18%
25-Jul-17,1.1652,1.164,1.1712,1.163,0.09%
26-Jul-17,1.1734,1.1648,1.1741,1.1613,0.70%
27-Jul-17,1.1677,1.1734,1.1777,1.1649,-0.49%
28-Jul-17,1.1752,1.1677,1.1765,1.1671,0.64%
31-Jul-17,1.1842,1.1737,1.1847,1.1723,0.77%
1-Aug-17,1.1802,1.1841,1.1845,1.1784,-0.34%
2-Aug-17,1.1856,1.1802,1.1911,1.1794,0.46%
3-Aug-17,1.187,1.1856,1.1894,1.1831,0.12%
4-Aug-17,1.1772,1.1871,1.1893,1.1731,-0.83%
7-Aug-17,1.1796,1.1768,1.1816,1.1767,0.20%
8-Aug-17,1.175,1.1794,1.1825,1.1714,-0.39%
9-Aug-17,1.1759,1.1752,1.1765,1.1689,0.08%
10-Aug-17,1.1772,1.1759,1.1786,1.1704,0.11%
11-Aug-17,1.1821,1.1771,1.1846,1.1747,0.42%
14-Aug-17,1.178,1.1806,1.184,1.177,-0.35%
15-Aug-17,1.1735,1.178,1.1794,1.1688,-0.38%
16-Aug-17,1.177,1.1734,1.178,1.1682,0.30%
17-Aug-17,1.1724,1.1767,1.179,1.1662,-0.39%
18-Aug-17,1.1762,1.1723,1.1775,1.1707,0.32%
21-Aug-17,1.1816,1.175,1.183,1.1731,0.46%
22-Aug-17,1.1762,1.1815,1.1826,1.1745,-0.46%
23-Aug-17,1.1807,1.1763,1.1825,1.1741,0.38%
24-Aug-17,1.1799,1.1807,1.1821,1.1784,-0.07%
25-Aug-17,1.1926,1.1799,1.1942,1.1773,1.08%
28-Aug-17,1.1979,1.1926,1.1985,1.1917,0.44%
29-Aug-17,1.1972,1.1978,1.2069,1.1945,-0.06%
30-Aug-17,1.1883,1.1974,1.1986,1.1881,-0.74%
31-Aug-17,1.191,1.1884,1.1914,1.1823,0.23%
1-Sep-17,1.1859,1.1911,1.1981,1.185,-0.43%
4-Sep-17,1.1896,1.1858,1.1923,1.1853,0.31%
5-Sep-17,1.1914,1.1896,1.1941,1.1868,0.15%
6-Sep-17,1.1917,1.1914,1.1951,1.1903,0.03%
7-Sep-17,1.2023,1.1917,1.2061,1.1914,0.89%
8-Sep-17,1.2035,1.2024,1.2094,1.2016,0.10%
11-Sep-17,1.1953,1.2041,1.2041,1.1948,-0.68%
12-Sep-17,1.1967,1.1953,1.198,1.1926,0.12%
13-Sep-17,1.1886,1.1967,1.1995,1.1872,-0.68%
14-Sep-17,1.1919,1.1884,1.1922,1.1837,0.28%
15-Sep-17,1.1943,1.1919,1.1988,1.1901,0.20%
18-Sep-17,1.1954,1.1949,1.1971,1.1915,0.09%
19-Sep-17,1.1994,1.1955,1.2008,1.195,0.33%
20-Sep-17,1.1893,1.1994,1.2033,1.1862,-0.84%
21-Sep-17,1.1941,1.1894,1.1955,1.1866,0.40%
22-Sep-17,1.1954,1.1942,1.2006,1.1937,0.11%
25-Sep-17,1.1848,1.1953,1.1962,1.1833,-0.89%
26-Sep-17,1.1793,1.1848,1.1863,1.1758,-0.46%
27-Sep-17,1.1744,1.1792,1.1797,1.1717,-0.42%
28-Sep-17,1.1786,1.1746,1.1805,1.1721,0.36%
29-Sep-17,1.1814,1.1787,1.1834,1.1773,0.24%
2-Oct-17,1.1732,1.1818,1.1818,1.173,-0.69%
3-Oct-17,1.1744,1.1733,1.1775,1.1696,0.10%
4-Oct-17,1.176,1.1743,1.1788,1.1733,0.14%
5-Oct-17,1.1711,1.1758,1.178,1.1698,-0.42%
6-Oct-17,1.1734,1.171,1.1739,1.1668,0.20%
9-Oct-17,1.1741,1.1728,1.1758,1.1718,0.06%
10-Oct-17,1.1806,1.1739,1.1825,1.1738,0.55%
11-Oct-17,1.1859,1.1808,1.1871,1.1795,0.45%
12-Oct-17,1.183,1.1862,1.1882,1.1826,-0.24%
13-Oct-17,1.1823,1.1829,1.1875,1.1804,-0.06%
16-Oct-17,1.1797,1.1825,1.1826,1.1781,-0.22%
17-Oct-17,1.1766,1.1797,1.1801,1.1735,-0.26%
18-Oct-17,1.1787,1.1764,1.1805,1.1729,0.18%
19-Oct-17,1.1852,1.1788,1.186,1.1768,0.55%
20-Oct-17,1.1785,1.1853,1.1859,1.1763,-0.57%
23-Oct-17,1.1749,1.1773,1.1779,1.1725,-0.31%
24-Oct-17,1.1761,1.1749,1.1794,1.1743,0.10%
25-Oct-17,1.1813,1.176,1.1819,1.1752,0.44%
26-Oct-17,1.165,1.1811,1.1837,1.164,-1.38%
27-Oct-17,1.161,1.165,1.1659,1.1575,-0.34%
30-Oct-17,1.1651,1.1603,1.166,1.1594,0.35%
31-Oct-17,1.1646,1.1651,1.1663,1.1625,-0.04%
1-Nov-17,1.1619,1.1646,1.1659,1.1607,-0.23%
2-Nov-17,1.1658,1.1619,1.1689,1.1613,0.34%
3-Nov-17,1.1609,1.166,1.1692,1.1599,-0.42%
6-Nov-17,1.161,1.1609,1.1625,1.1579,0.01%
7-Nov-17,1.1586,1.1609,1.1618,1.1554,-0.21%
8-Nov-17,1.1595,1.1586,1.1612,1.1579,0.08%
9-Nov-17,1.1642,1.1596,1.1657,1.1586,0.41%
10-Nov-17,1.1665,1.1642,1.168,1.1623,0.20%
13-Nov-17,1.1667,1.1666,1.1677,1.1638,0.02%
14-Nov-17,1.1798,1.1667,1.1807,1.166,1.12%
15-Nov-17,1.1792,1.1797,1.1861,1.1784,-0.05%
16-Nov-17,1.177,1.1792,1.1802,1.1756,-0.19%
17-Nov-17,1.1795,1.1771,1.1823,1.1766,0.21%
20-Nov-17,1.1732,1.1789,1.1808,1.1721,-0.53%
21-Nov-17,1.1738,1.1732,1.1759,1.1713,0.05%
22-Nov-17,1.1822,1.1738,1.1829,1.1733,0.72%
23-Nov-17,1.1851,1.1822,1.1857,1.1812,0.25%
24-Nov-17,1.193,1.185,1.1945,1.1836,0.67%
27-Nov-17,1.1898,1.1933,1.1962,1.1896,-0.27%
28-Nov-17,1.1841,1.1898,1.1921,1.1827,-0.48%
29-Nov-17,1.1847,1.1841,1.1884,1.1817,0.05%
30-Nov-17,1.1904,1.1847,1.1933,1.1809,0.48%
1-Dec-17,1.1891,1.1904,1.1942,1.1851,-0.11%
4-Dec-17,1.1866,1.1882,1.189,1.183,-0.21%
5-Dec-17,1.1826,1.1866,1.1879,1.1801,-0.34%
6-Dec-17,1.1796,1.1825,1.1849,1.178,-0.25%
7-Dec-17,1.1773,1.1796,1.1816,1.1772,-0.19%
8-Dec-17,1.1764,1.1771,1.1778,1.1728,-0.08%
11-Dec-17,1.1768,1.1767,1.1812,1.1762,0.03%
12-Dec-17,1.1742,1.177,1.1794,1.1718,-0.22%
13-Dec-17,1.1826,1.1743,1.1832,1.1729,0.72%
14-Dec-17,1.1778,1.1826,1.1863,1.177,-0.41%
15-Dec-17,1.1754,1.1778,1.1814,1.1751,-0.20%
18-Dec-17,1.1782,1.1753,1.1834,1.1737,0.24%
19-Dec-17,1.184,1.1782,1.1851,1.1777,0.49%
20-Dec-17,1.1871,1.184,1.1903,1.1829,0.26%
21-Dec-17,1.1873,1.1871,1.1889,1.1848,0.02%
22-Dec-17,1.1859,1.1874,1.1878,1.1817,-0.12%
25-Dec-17,1.1869,1.185,1.1882,1.1842,0.08%
26-Dec-17,1.1859,1.1867,1.1879,1.1845,-0.08%
27-Dec-17,1.1888,1.1859,1.1912,1.1855,0.24%
28-Dec-17,1.1943,1.1888,1.1961,1.1888,0.46%
29-Dec-17,1.1998,1.1943,1.203,1.1937,0.46%
1-Jan-18,1.201,1.2003,1.2014,1.1995,0.10%
2-Jan-18,1.2059,1.2013,1.2084,1.2003,0.41%
3-Jan-18,1.2014,1.2058,1.207,1.2001,-0.37%
4-Jan-18,1.2068,1.2015,1.209,1.2004,0.45%
5-Jan-18,1.203,1.2068,1.2085,1.2021,-0.31%
8-Jan-18,1.1967,1.2029,1.2054,1.1956,-0.52%
9-Jan-18,1.1937,1.1967,1.1977,1.1916,-0.25%
10-Jan-18,1.1947,1.1938,1.2019,1.1923,0.08%
11-Jan-18,1.2032,1.1946,1.206,1.1928,0.71%
12-Jan-18,1.2187,1.2033,1.219,1.2031,1.29%
15-Jan-18,1.2263,1.2198,1.2298,1.2188,0.62%
16-Jan-18,1.2261,1.2265,1.2284,1.2194,-0.02%
17-Jan-18,1.2186,1.226,1.2324,1.2176,-0.61%
18-Jan-18,1.2239,1.2186,1.2267,1.2165,0.43%
19-Jan-18,1.2222,1.2236,1.2296,1.2219,-0.14%
22-Jan-18,1.2262,1.2268,1.2276,1.2214,0.33%
23-Jan-18,1.2299,1.2263,1.2308,1.2223,0.30%
24-Jan-18,1.2408,1.2299,1.2417,1.2293,0.89%
25-Jan-18,1.2396,1.2408,1.2537,1.2364,-0.10%
26-Jan-18,1.2421,1.2395,1.2495,1.2371,0.20%
29-Jan-18,1.2383,1.2427,1.2436,1.2336,-0.31%
30-Jan-18,1.2402,1.2383,1.2455,1.2335,0.15%
31-Jan-18,1.2421,1.2401,1.2476,1.2386,0.15%
1-Feb-18,1.251,1.2414,1.2524,1.2386,0.72%
2-Feb-18,1.2462,1.2508,1.2519,1.2409,-0.38%
5-Feb-18,1.2368,1.2455,1.2475,1.2362,-0.75%
6-Feb-18,1.2377,1.2367,1.2434,1.2314,0.07%
7-Feb-18,1.2264,1.2378,1.2407,1.2247,-0.91%
8-Feb-18,1.2247,1.2264,1.2297,1.2212,-0.14%
9-Feb-18,1.2235,1.2245,1.2289,1.2206,-0.10%
12-Feb-18,1.2292,1.2253,1.2298,1.2234,0.47%
13-Feb-18,1.2352,1.2293,1.2373,1.2285,0.49%
14-Feb-18,1.245,1.2352,1.2467,1.2276,0.79%
15-Feb-18,1.2506,1.2449,1.2511,1.2447,0.45%
16-Feb-18,1.2406,1.2506,1.2557,1.2394,-0.80%
19-Feb-18,1.2408,1.2409,1.2435,1.2368,0.02%
20-Feb-18,1.2338,1.2409,1.2414,1.232,-0.56%
21-Feb-18,1.2284,1.2338,1.2361,1.2281,-0.44%
22-Feb-18,1.2331,1.2283,1.2354,1.226,0.38%
23-Feb-18,1.2293,1.2329,1.2337,1.2279,-0.31%
26-Feb-18,1.2318,1.2299,1.2356,1.2278,0.20%
27-Feb-18,1.2232,1.2317,1.2348,1.2221,-0.70%
28-Feb-18,1.2194,1.2232,1.2243,1.2188,-0.31%
1-Mar-18,1.2268,1.2193,1.2272,1.2153,0.61%
2-Mar-18,1.2317,1.2266,1.2336,1.225,0.40%
5-Mar-18,1.2336,1.2323,1.2366,1.2268,0.15%
6-Mar-18,1.2404,1.2336,1.2422,1.2328,0.55%
7-Mar-18,1.2413,1.2404,1.2445,1.2385,0.07%
8-Mar-18,1.2312,1.2411,1.2448,1.2298,-0.81%
9-Mar-18,1.2307,1.2312,1.2336,1.2273,-0.04%
12-Mar-18,1.2334,1.2311,1.2347,1.2291,0.22%
13-Mar-18,1.239,1.2334,1.2408,1.2314,0.45%
14-Mar-18,1.2367,1.239,1.2414,1.2347,-0.19%
15-Mar-18,1.2305,1.2366,1.2385,1.2299,-0.50%
16-Mar-18,1.2289,1.2305,1.2338,1.2261,-0.13%
19-Mar-18,1.2335,1.2284,1.2361,1.2258,0.37%
20-Mar-18,1.2242,1.2335,1.2356,1.2239,-0.75%
21-Mar-18,1.2338,1.2242,1.2351,1.2241,0.78%
22-Mar-18,1.2302,1.2337,1.2389,1.2285,-0.29%
23-Mar-18,1.2353,1.2302,1.2375,1.2301,0.41%
26-Mar-18,1.2443,1.2348,1.2463,1.2341,0.73%
27-Mar-18,1.2403,1.2444,1.2478,1.2373,-0.32%
28-Mar-18,1.2308,1.2403,1.2424,1.23,-0.77%
29-Mar-18,1.2302,1.2308,1.2335,1.2282,-0.05%
30-Mar-18,1.2323,1.2301,1.2331,1.2293,0.17%
2-Apr-18,1.2302,1.2323,1.2346,1.2282,-0.17%
3-Apr-18,1.227,1.2304,1.2336,1.2253,-0.26%
4-Apr-18,1.2278,1.2269,1.2315,1.2256,0.07%
5-Apr-18,1.224,1.2278,1.2292,1.2218,-0.31%
6-Apr-18,1.2283,1.224,1.2292,1.2214,0.35%
9-Apr-18,1.2321,1.2279,1.2331,1.2261,0.31%
10-Apr-18,1.2356,1.232,1.2379,1.2303,0.28%
11-Apr-18,1.2367,1.2357,1.2397,1.2347,0.09%
12-Apr-18,1.2327,1.2368,1.2382,1.23,-0.32%
13-Apr-18,1.2331,1.2327,1.2348,1.2307,0.03%
16-Apr-18,1.238,1.233,1.2395,1.2325,0.40%
17-Apr-18,1.237,1.2378,1.2413,1.2335,-0.08%
18-Apr-18,1.2373,1.2369,1.2398,1.2343,0.02%
19-Apr-18,1.2346,1.2373,1.2402,1.2329,-0.22%
20-Apr-18,1.2288,1.2346,1.2354,1.225,-0.47%
23-Apr-18,1.2209,1.2289,1.2292,1.2198,-0.64%
24-Apr-18,1.2232,1.2209,1.2247,1.2182,0.19%
25-Apr-18,1.2161,1.2232,1.224,1.216,-0.58%
26-Apr-18,1.2103,1.2161,1.2211,1.2096,-0.48%
27-Apr-18,1.213,1.2105,1.2135,1.2055,0.22%
30-Apr-18,1.2079,1.2125,1.2141,1.2064,-0.42%
1-May-18,1.1993,1.2076,1.2086,1.1981,-0.71%
2-May-18,1.1951,1.1992,1.2033,1.1938,-0.35%
3-May-18,1.1988,1.1951,1.2009,1.1946,0.31%
4-May-18,1.196,1.1989,1.1997,1.1911,-0.23%
7-May-18,1.1922,1.1953,1.198,1.1898,-0.32%
8-May-18,1.1864,1.1924,1.1941,1.1838,-0.49%
9-May-18,1.185,1.1863,1.1898,1.1822,-0.12%
10-May-18,1.1915,1.1852,1.1948,1.1843,0.55%
11-May-18,1.1944,1.1917,1.197,1.1891,0.24%
14-May-18,1.1927,1.1947,1.1998,1.1926,-0.14%
15-May-18,1.1838,1.1925,1.1939,1.1817,-0.75%
16-May-18,1.1807,1.1837,1.1854,1.1762,-0.26%
17-May-18,1.1795,1.1808,1.1839,1.1775,-0.10%
18-May-18,1.1778,1.1796,1.1825,1.1749,-0.14%
21-May-18,1.1791,1.1764,1.1797,1.1717,0.11%
22-May-18,1.1779,1.1792,1.183,1.1754,-0.10%
23-May-18,1.1697,1.1778,1.179,1.1675,-0.70%
24-May-18,1.172,1.1695,1.175,1.1688,0.20%
25-May-18,1.1652,1.172,1.1735,1.1645,-0.58%
28-May-18,1.1623,1.1651,1.1729,1.1605,-0.25%
29-May-18,1.154,1.1625,1.1641,1.1508,-0.71%
30-May-18,1.1663,1.154,1.1678,1.1518,1.07%
31-May-18,1.1692,1.1665,1.1726,1.1641,0.25%
1-Jun-18,1.1661,1.1691,1.1718,1.1617,-0.27%
4-Jun-18,1.1699,1.1656,1.1744,1.1652,0.33%
5-Jun-18,1.1718,1.1698,1.1733,1.1652,0.16%
6-Jun-18,1.1773,1.1717,1.1797,1.1708,0.47%
7-Jun-18,1.1799,1.1774,1.1842,1.1772,0.22%
8-Jun-18,1.1768,1.18,1.1812,1.1726,-0.26%
11-Jun-18,1.1784,1.1766,1.1822,1.1754,0.14%
12-Jun-18,1.1745,1.1784,1.1811,1.1733,-0.33%
13-Jun-18,1.1791,1.1745,1.1803,1.1725,0.39%
14-Jun-18,1.1569,1.1791,1.1853,1.1562,-1.88%
15-Jun-18,1.1609,1.1568,1.1629,1.1543,0.35%
18-Jun-18,1.1623,1.1609,1.1625,1.1563,0.12%
19-Jun-18,1.159,1.1624,1.1646,1.153,-0.28%
20-Jun-18,1.1572,1.159,1.1602,1.1537,-0.16%
21-Jun-18,1.1603,1.1572,1.1635,1.1509,0.27%
22-Jun-18,1.1657,1.1604,1.1677,1.16,0.47%
25-Jun-18,1.1704,1.1659,1.1715,1.1627,0.40%
26-Jun-18,1.1647,1.1704,1.1722,1.1635,-0.49%
27-Jun-18,1.1554,1.1647,1.1674,1.1541,-0.80%
28-Jun-18,1.1569,1.1555,1.1602,1.1527,0.13%
29-Jun-18,1.1685,1.1569,1.1692,1.1558,1.00%
2-Jul-18,1.1641,1.1651,1.1699,1.159,-0.38%
3-Jul-18,1.1657,1.1641,1.1675,1.1621,0.14%
4-Jul-18,1.1656,1.1658,1.1684,1.1629,-0.01%
5-Jul-18,1.1691,1.1655,1.1722,1.1649,0.30%
6-Jul-18,1.1747,1.169,1.1769,1.1679,0.48%
9-Jul-18,1.1751,1.1748,1.1792,1.1731,0.03%
10-Jul-18,1.1744,1.1751,1.1764,1.169,-0.06%
11-Jul-18,1.1674,1.1745,1.176,1.1665,-0.60%
12-Jul-18,1.1672,1.1674,1.1697,1.1648,-0.02%
13-Jul-18,1.1685,1.1669,1.1688,1.161,0.11%
16-Jul-18,1.171,1.1676,1.1726,1.1674,0.21%
17-Jul-18,1.1661,1.1711,1.1746,1.165,-0.42%
18-Jul-18,1.1639,1.166,1.1665,1.1601,-0.19%
19-Jul-18,1.1643,1.1639,1.168,1.1574,0.03%
20-Jul-18,1.172,1.1644,1.174,1.1626,0.66%
23-Jul-18,1.1692,1.173,1.1752,1.1682,-0.24%
24-Jul-18,1.1686,1.1692,1.1719,1.1654,-0.05%
25-Jul-18,1.1728,1.1684,1.1739,1.1663,0.36%
26-Jul-18,1.1643,1.1728,1.1744,1.1639,-0.72%
27-Jul-18,1.1658,1.1643,1.1665,1.1621,0.13%
30-Jul-18,1.1706,1.166,1.1721,1.1648,0.41%
31-Jul-18,1.1691,1.1706,1.1745,1.1682,-0.13%
1-Aug-18,1.166,1.1691,1.1701,1.1656,-0.27%
2-Aug-18,1.1584,1.166,1.1669,1.1582,-0.65%
3-Aug-18,1.1567,1.1583,1.1611,1.1559,-0.15%
6-Aug-18,1.1554,1.1571,1.1574,1.1527,-0.11%
7-Aug-18,1.1599,1.1555,1.161,1.1547,0.39%
8-Aug-18,1.1611,1.1598,1.1629,1.1571,0.10%
9-Aug-18,1.1527,1.1609,1.162,1.1525,-0.72%
10-Aug-18,1.1411,1.1526,1.1537,1.1384,-1.01%
13-Aug-18,1.1409,1.1389,1.1434,1.1364,-0.02%
14-Aug-18,1.1344,1.141,1.1431,1.133,-0.57%
15-Aug-18,1.1345,1.1344,1.1357,1.1299,0.01%
16-Aug-18,1.1377,1.1345,1.1411,1.1335,0.28%
17-Aug-18,1.1439,1.1377,1.1447,1.1365,0.54%
20-Aug-18,1.1481,1.1442,1.1486,1.1394,0.37%
21-Aug-18,1.1571,1.1482,1.1602,1.1479,0.78%
22-Aug-18,1.1597,1.157,1.1624,1.1551,0.22%
23-Aug-18,1.1539,1.1596,1.1601,1.153,-0.50%
24-Aug-18,1.1623,1.154,1.1641,1.1533,0.73%
27-Aug-18,1.1678,1.1631,1.1694,1.1592,0.47%
28-Aug-18,1.1695,1.1678,1.1735,1.1662,0.15%
29-Aug-18,1.1708,1.1695,1.1712,1.1652,0.11%
30-Aug-18,1.1671,1.1707,1.172,1.1641,-0.32%
31-Aug-18,1.1601,1.1671,1.1692,1.1585,-0.60%
3-Sep-18,1.1624,1.1596,1.1629,1.1583,0.20%
4-Sep-18,1.1582,1.1623,1.1629,1.1528,-0.36%
5-Sep-18,1.1629,1.1581,1.164,1.1542,0.41%
6-Sep-18,1.1622,1.1629,1.166,1.1603,-0.06%
7-Sep-18,1.1553,1.1624,1.1651,1.155,-0.59%
10-Sep-18,1.1594,1.156,1.1617,1.1526,0.35%
11-Sep-18,1.1607,1.1594,1.1645,1.1565,0.11%
12-Sep-18,1.1626,1.1604,1.1651,1.157,0.16%
13-Sep-18,1.169,1.1627,1.1703,1.1608,0.55%
14-Sep-18,1.163,1.169,1.1724,1.1619,-0.51%
17-Sep-18,1.1683,1.1623,1.1699,1.1617,0.46%
18-Sep-18,1.1667,1.1684,1.1726,1.1651,-0.14%
19-Sep-18,1.1673,1.1667,1.1716,1.1648,0.05%
20-Sep-18,1.1777,1.1671,1.1786,1.1665,0.89%
21-Sep-18,1.175,1.1776,1.1804,1.1731,-0.23%
24-Sep-18,1.1748,1.1751,1.1817,1.1723,-0.02%
25-Sep-18,1.1772,1.1748,1.1793,1.173,0.20%
26-Sep-18,1.174,1.1767,1.1799,1.1726,-0.27%
27-Sep-18,1.1641,1.174,1.1759,1.1637,-0.84%
28-Sep-18,1.1609,1.1641,1.1652,1.1567,-0.27%
1-Oct-18,1.1578,1.1609,1.163,1.1563,-0.27%
2-Oct-18,1.1548,1.1578,1.1582,1.1506,-0.26%
3-Oct-18,1.1478,1.1548,1.1595,1.1465,-0.61%
4-Oct-18,1.1515,1.1478,1.1543,1.1464,0.32%
5-Oct-18,1.1524,1.1513,1.155,1.1483,0.08%
8-Oct-18,1.1492,1.152,1.1536,1.1459,-0.28%
9-Oct-18,1.149,1.1491,1.1504,1.143,-0.02%
10-Oct-18,1.152,1.1491,1.1547,1.1479,0.26%
11-Oct-18,1.1594,1.1519,1.16,1.1517,0.64%
12-Oct-18,1.1563,1.1592,1.1611,1.1534,-0.27%
15-Oct-18,1.1579,1.1559,1.1608,1.1537,0.14%
16-Oct-18,1.1575,1.158,1.1623,1.1564,-0.03%
17-Oct-18,1.1501,1.1575,1.1585,1.1495,-0.64%
18-Oct-18,1.1453,1.15,1.1528,1.1448,-0.42%
19-Oct-18,1.1515,1.1451,1.1536,1.1433,0.54%
22-Oct-18,1.1465,1.1507,1.1552,1.1455,-0.43%
23-Oct-18,1.1471,1.1466,1.1495,1.1438,0.05%
24-Oct-18,1.1392,1.147,1.1477,1.1378,-0.69%
25-Oct-18,1.1376,1.1392,1.1434,1.1355,-0.14%
26-Oct-18,1.1403,1.1376,1.1422,1.1334,0.24%
29-Oct-18,1.1373,1.1408,1.1418,1.1361,-0.26%
30-Oct-18,1.1344,1.1372,1.1387,1.1338,-0.25%
31-Oct-18,1.1312,1.1345,1.1363,1.1301,-0.28%
1-Nov-18,1.1409,1.1311,1.1426,1.1306,0.86%
2-Nov-18,1.1387,1.1408,1.1458,1.1372,-0.19%
5-Nov-18,1.1407,1.1391,1.1425,1.1356,0.18%
6-Nov-18,1.1427,1.1406,1.144,1.1389,0.18%
7-Nov-18,1.1426,1.1427,1.1502,1.1395,-0.01%
8-Nov-18,1.1363,1.1425,1.1448,1.1352,-0.55%
9-Nov-18,1.1336,1.1364,1.1371,1.1315,-0.24%
12-Nov-18,1.1218,1.1331,1.1333,1.1214,-1.04%
13-Nov-18,1.1291,1.1219,1.1296,1.1216,0.65%
14-Nov-18,1.131,1.129,1.1349,1.1262,0.17%
15-Nov-18,1.1325,1.1313,1.1362,1.1271,0.13%
